,Survived,Pclass,Sex,Age,SibSp,Parch,Fare,Embarked_S,Embarked_C,Embarked_Q,Family_Size,title_imp,title_mr,title_mrs,title_ms,title_other
0,0,3,1,-0.5555723526684321,1,0,-0.5002397510893574,1,0,0,0.057853306636433906,0,1,0,0,0
1,1,1,0,0.6172476450097778,1,0,0.788946607905507,0,1,0,0.057853306636433906,0,0,1,0,0
2,1,3,0,-0.2623673532488796,0,0,-0.48664993466069395,1,0,0,-0.5618043993851286,0,0,0,1,0
3,1,1,0,0.39734389544511345,1,0,0.4228611129909654,1,0,0,0.057853306636433906,0,0,1,0,0
4,0,3,1,0.39734389544511345,0,0,-0.4841333019887193,1,0,0,-0.5618043993851286,0,1,0,0,0
5,0,3,1,0.47064514530000157,0,0,-0.47591297302898106,0,0,1,-0.5618043993851286,0,1,0,0,0
6,0,1,1,1.7900676426879876,0,0,0.39794644953841574,1,0,0,-0.5618043993851286,0,1,0,0,0
7,0,3,1,-2.0215973497661945,3,1,-0.22190017756895475,1,0,0,1.9168264247011215,0,1,0,0,0
8,1,3,0,-0.1890661033939915,0,2,-0.4220570338487224,1,0,0,0.6775110126579964,0,0,1,0,0
9,1,2,0,-1.141982351507537,1,0,-0.040787184044554156,0,1,0,0.057853306636433906,0,0,1,0,0
10,1,3,0,-1.8749948500564182,1,1,-0.3099823210880695,1,0,0,0.6775110126579964,0,0,0,1,0
11,1,1,0,2.08327264210754,0,0,-0.11167166653646252,1,0,0,-0.5618043993851286,0,0,0,1,0
12,0,3,1,-0.7021748523782083,0,0,-0.4841333019887193,1,0,0,-0.5618043993851286,0,1,0,0,0
13,0,3,1,0.6905488948646659,1,5,-0.016542951535818605,1,0,0,3.1561418367442466,0,1,0,0,0
14,0,3,0,-1.141982351507537,0,0,-0.4880753554061005,1,0,0,-0.5618043993851286,0,0,0,1,0
15,1,2,0,1.8633688925428757,0,0,-0.32407546405112786,1,0,0,-0.5618043993851286,0,0,1,0,0
16,0,3,1,-2.0215973497661945,4,1,-0.05982903349378355,0,0,1,2.536484130722684,0,1,0,0,0
17,1,2,1,0.1774401458804491,0,0,-0.38447464817852084,1,0,0,-0.5618043993851286,0,1,0,0,0
18,0,3,0,0.10413889602556098,1,0,-0.28380934129953256,1,0,0,0.057853306636433906,0,0,1,0,0
19,1,3,0,-0.3356686031037677,0,0,-0.5007430776237524,0,1,0,-0.5618043993851286,0,0,1,0,0
20,0,2,1,0.39734389544511345,0,0,-0.12274485029315124,1,0,0,-0.5618043993851286,0,1,0,0,0
21,1,2,1,0.32404264559022533,0,0,-0.38447464817852084,1,0,0,-0.5618043993851286,0,1,0,0,0
22,1,3,0,-1.068681101652649,0,0,-0.48455206966533587,0,0,1,-0.5618043993851286,0,0,0,1,0
23,1,1,1,-0.11576485353910337,0,0,0.06851923277692655,1,0,0,-0.5618043993851286,0,1,0,0,0
24,0,3,0,-1.5817898506368657,3,1,-0.22190017756895475,1,0,0,1.9168264247011215,0,0,0,1,0
25,1,3,0,0.6172476450097778,1,5,-0.014277982131041355,1,0,0,3.1561418367442466,0,0,1,0,0
26,0,3,1,-0.042463603684215256,0,0,-0.5007430776237524,0,1,0,-0.5618043993851286,0,1,0,0,0
27,0,1,1,-0.7754761022330964,3,2,4.648790695770894,1,0,0,2.536484130722684,0,1,0,0,0
28,1,3,0,-0.7754761022330964,0,0,-0.4875720288717055,0,0,1,-0.5618043993851286,0,0,0,1,0
29,0,3,1,-0.042463603684215256,0,0,-0.48723782005286725,1,0,0,-0.5618043993851286,0,1,0,0,0
30,0,1,1,0.763850144719554,0,0,-0.08809987827767862,0,1,0,-0.5618043993851286,1,0,0,0,0
31,1,1,0,0.1774401458804491,1,0,2.3037078131670836,0,1,0,0.057853306636433906,0,0,1,0,0
32,1,3,0,-0.7021748523782083,0,0,-0.49017322040145855,0,0,1,-0.5618043993851286,0,0,0,1,0
33,0,2,1,2.6696826409466454,0,0,-0.434807301618015,1,0,0,-0.5618043993851286,0,1,0,0,0
34,0,1,1,-0.11576485353910337,1,0,1.008145313634504,0,1,0,0.057853306636433906,0,1,0,0,0
35,0,1,1,0.9104526444293303,1,0,0.40071474547758795,1,0,0,0.057853306636433906,0,1,0,0,0
36,1,3,1,-0.6288736025233201,0,0,-0.500658518765974,0,1,0,-0.5618043993851286,0,1,0,0,0
37,0,3,1,-0.6288736025233201,0,0,-0.4841333019887193,1,0,0,-0.5618043993851286,0,1,0,0,0
38,0,3,0,-0.8487773520879845,2,0,-0.28380934129953256,1,0,0,0.6775110126579964,0,0,0,1,0
39,1,3,0,-1.141982351507537,1,0,-0.41987460999558585,0,1,0,0.057853306636433906,0,0,0,1,0
40,0,3,0,0.763850144719554,1,0,-0.4554436895282076,1,0,0,0.057853306636433906,0,0,1,0,0
41,0,2,0,-0.1890661033939915,1,0,-0.22341015717213955,1,0,0,0.057853306636433906,0,0,1,0,0
42,0,3,1,0.03083764617067286,0,0,-0.48723782005286725,0,1,0,-0.5618043993851286,0,1,0,0,0
43,1,2,0,-1.9482960999113061,1,2,0.1909121394926757,0,1,0,1.297168718679559,0,0,0,1,0
44,1,3,0,-0.7754761022330964,0,0,-0.4875720288717055,0,0,1,-0.5618043993851286,0,0,0,1,0
45,0,3,1,-0.042463603684215256,0,0,-0.4841333019887193,1,0,0,-0.5618043993851286,0,1,0,0,0
46,0,3,1,0.2507413957353372,1,0,-0.33414199473902667,0,0,1,0.057853306636433906,0,1,0,0,0
47,1,3,0,-0.7021748523782083,0,0,-0.49017322040145855,0,0,1,-0.5618043993851286,0,0,0,1,0
48,0,3,1,-0.40896985295865584,2,0,-0.20973578188569775,0,1,0,0.6775110126579964,0,1,0,0,0
49,0,3,0,-0.8487773520879845,1,0,-0.28783595357469205,1,0,0,0.057853306636433906,0,0,1,0,0
50,0,3,1,-1.6550911004917537,4,1,0.15282642728807924,1,0,0,2.536484130722684,0,1,0,0,0
51,0,3,1,-0.6288736025233201,0,0,-0.48916656733266867,1,0,0,-0.5618043993851286,0,1,0,0,0
52,1,1,0,1.4235613934135471,1,0,0.8985892468519636,0,1,0,0.057853306636433906,0,0,1,0,0
53,1,2,0,-0.042463603684215256,1,0,-0.12274485029315124,1,0,0,0.057853306636433906,0,0,1,0,0
54,0,1,1,2.5963813910917573,0,1,0.6016265915589479,0,1,0,0.057853306636433906,0,1,0,0,0
55,1,1,1,0.6905488948646659,0,0,0.06851923277692655,1,0,0,-0.5618043993851286,0,1,0,0,0
56,1,2,0,-0.6288736025233201,0,0,-0.434807301618015,1,0,0,-0.5618043993851286,0,0,0,1,0
57,0,3,1,-0.11576485353910337,0,0,-0.500658518765974,0,1,0,-0.5618043993851286,0,1,0,0,0
58,1,2,0,-1.80169360020153,1,2,-0.08751199288550533,1,0,0,1.297168718679559,0,0,0,1,0
59,0,3,1,-1.3618861010722014,5,2,0.29803613246101984,1,0,0,3.7757995427658093,0,1,0,0,0
60,0,3,1,-0.5555723526684321,0,0,-0.500658518765974,0,1,0,-0.5618043993851286,0,1,0,0,0
61,0,1,1,1.1303563939939947,1,0,1.0344028522808193,1,0,0,0.057853306636433906,0,1,0,0,0
62,0,3,1,-1.8749948500564182,3,2,-0.08449203367913571,1,0,0,2.536484130722684,0,1,0,0,0
63,0,1,1,1.350260143558659,0,0,-0.08809987827767862,0,1,0,-0.5618043993851286,0,1,0,0,0
64,1,3,1,-1.5817898506368657,1,1,-0.33925981894075447,0,1,0,0.6775110126579964,0,1,0,0,0
65,1,2,0,-0.042463603684215256,0,0,-0.434807301618015,1,0,0,-0.5618043993851286,0,0,1,0,0
66,0,3,1,-0.7754761022330964,0,0,-0.4819528914417204,1,0,0,-0.5618043993851286,0,1,0,0,0
67,1,3,0,-0.9220786019428726,4,2,-0.48664993466069395,1,0,0,3.1561418367442466,0,0,0,1,0
68,0,3,1,-0.2623673532488796,2,0,-0.4718018018960432,1,0,0,0.6775110126579964,0,1,0,0,0
69,0,2,1,0.1774401458804491,0,0,-0.434807301618015,1,0,0,-0.5618043993851286,0,1,0,0,0
70,0,3,0,-0.9953798517977608,5,2,0.29803613246101984,1,0,0,3.7757995427658093,0,0,0,1,0
71,0,2,1,-0.6288736025233201,0,0,0.8335755650572377,1,0,0,-0.5618043993851286,0,1,0,0,0
72,0,3,1,-0.2623673532488796,1,0,-0.3551971503258359,0,1,0,0.057853306636433906,0,1,0,0,0
73,1,3,1,0.1774401458804491,0,0,0.4912289628108992,1,0,0,-0.5618043993851286,0,1,0,0,0
74,0,3,1,-0.3356686031037677,0,0,-0.4921865265390384,1,0,0,-0.5618043993851286,0,1,0,0,0
75,0,3,1,-0.042463603684215256,0,0,-0.48723782005286725,1,0,0,-0.5618043993851286,0,1,0,0,0
76,0,3,1,-0.042463603684215256,0,0,-0.4841333019887193,1,0,0,-0.5618043993851286,0,1,0,0,0
77,1,2,1,-2.0948985996210823,0,2,-0.06234566616575826,1,0,0,0.6775110126579964,0,1,0,0,0
78,1,3,0,0.03083764617067286,0,0,-0.3950445054008146,1,0,0,-0.5618043993851286,0,0,0,1,0
79,0,3,1,-0.5555723526684321,0,0,-0.4650068936817115,1,0,0,-0.5618043993851286,0,1,0,0,0
80,1,3,1,-0.042463603684215256,0,0,-0.4549403629938127,1,0,0,-0.5618043993851286,0,1,0,0,0
81,1,3,0,-0.7754761022330964,0,0,-0.4894182305998661,0,0,1,-0.5618043993851286,0,0,0,1,0
82,0,1,1,-0.11576485353910337,0,0,0.30206274473617944,1,0,0,-0.5618043993851286,0,1,0,0,0
83,1,2,0,-0.9220786019428726,0,0,-0.434807301618015,1,0,0,-0.5618043993851286,0,0,0,1,0
84,1,3,0,0.2507413957353372,3,0,-0.32709542325749746,1,0,0,1.297168718679559,0,0,1,0,0
85,0,3,1,-0.9953798517977608,1,3,0.045869538729154176,1,0,0,1.9168264247011215,0,1,0,0,0
86,0,3,1,-0.042463603684215256,0,0,-0.4841333019887193,1,0,0,-0.5618043993851286,0,1,0,0,0
87,1,1,0,-0.48227110281354396,3,2,4.648790695770894,1,0,0,2.536484130722684,0,0,0,1,0
88,0,3,1,-0.40896985295865584,0,0,-0.4841333019887193,1,0,0,-0.5618043993851286,0,1,0,0,0
89,0,3,1,-0.042463603684215256,0,0,-0.4841333019887193,1,0,0,-0.5618043993851286,0,1,0,0,0
90,0,3,1,-0.7021748523782083,0,0,-0.4880753554061005,1,0,0,-0.5618043993851286,0,1,0,0,0
91,0,1,1,1.2036576438488826,1,0,0.5854355836005315,1,0,0,0.057853306636433906,0,1,0,0,0
92,0,3,1,-0.2623673532488796,1,2,-0.2319667082568536,1,0,0,1.297168718679559,0,1,0,0,0
93,0,3,1,2.156573891962428,0,0,-0.5002397510893574,1,0,0,-0.5618043993851286,0,1,0,0,0
94,0,3,1,-0.042463603684215256,0,0,-0.4841333019887193,1,0,0,-0.5618043993851286,0,1,0,0,0
95,0,1,1,3.036188890221086,0,0,0.05149068946527694,0,1,0,-0.5618043993851286,0,1,0,0,0
96,1,1,1,-0.48227110281354396,0,1,0.6293920965023105,0,1,0,0.057853306636433906,0,1,0,0,0
97,1,2,0,0.32404264559022533,0,1,-0.18314403442054422,1,0,0,0.057853306636433906,0,0,1,0,0
98,0,2,1,0.32404264559022533,1,0,-0.12274485029315124,1,0,0,0.057853306636433906,0,1,0,0,0
99,0,3,0,-0.11576485353910337,0,0,-0.48723782005286725,1,0,0,-0.5618043993851286,0,0,0,1,0
100,0,3,1,-0.042463603684215256,0,0,-0.48723782005286725,1,0,0,-0.5618043993851286,0,1,0,0,0
101,0,1,1,-0.6288736025233201,0,1,0.9098295350180712,1,0,0,0.057853306636433906,0,1,0,0,0
102,0,3,1,0.2507413957353372,0,0,-0.47196890630546234,1,0,0,-0.5618043993851286,0,1,0,0,0
103,0,3,1,0.5439463951548896,2,0,-0.48664993466069395,1,0,0,0.6775110126579964,0,1,0,0,0
104,0,3,1,-0.11576485353910337,0,0,-0.48723782005286725,1,0,0,-0.5618043993851286,0,1,0,0,0
105,1,3,0,-0.6288736025233201,0,0,-0.4921865265390384,1,0,0,-0.5618043993851286,0,0,0,1,0
106,1,3,1,-0.1890661033939915,0,0,-0.48966989386706367,1,0,0,-0.5618043993851286,0,1,0,0,0
107,0,3,1,0.6172476450097778,0,0,-0.48723782005286725,1,0,0,-0.5618043993851286,0,1,0,0,0
108,1,3,0,-0.9953798517977608,1,0,-0.15999101383837694,0,0,1,0.057853306636433906,0,0,0,1,0
109,0,1,1,1.2769588937037708,0,0,0.40071474547758795,1,0,0,-0.5618043993851286,0,1,0,0,0
110,0,3,0,-1.141982351507537,1,0,-0.3551971503258359,0,1,0,0.057853306636433906,0,0,0,1,0
111,0,3,1,-0.5555723526684321,0,0,-0.4841333019887193,1,0,0,-0.5618043993851286,0,1,0,0,0
112,0,3,0,-0.7021748523782083,1,0,-0.4483971180466784,1,0,0,0.057853306636433906,0,0,0,1,0
113,0,3,0,-0.9220786019428726,0,0,-0.3551146047741951,0,1,0,-0.5618043993851286,0,0,0,1,0
114,0,3,1,-0.6288736025233201,0,0,-0.48664993466069395,1,0,0,-0.5618043993851286,0,1,0,0,0
115,0,3,1,2.9628876403661977,0,0,-0.49017322040145855,0,0,1,-0.5618043993851286,0,1,0,0,0
116,0,2,1,-0.042463603684215256,1,0,-0.22341015717213955,1,0,0,0.057853306636433906,0,1,0,0,0
117,0,1,1,-0.40896985295865584,0,1,4.337147012122648,0,1,0,0.057853306636433906,0,1,0,0,0
118,0,3,0,-2.0215973497661945,4,2,-0.016542951535818605,1,0,0,3.1561418367442466,0,0,0,1,0
119,0,2,1,-0.6288736025233201,2,0,0.8335755650572377,1,0,0,0.6775110126579964,0,1,0,0,0
120,0,3,1,-0.042463603684215256,0,0,-0.4841333019887193,1,0,0,-0.5618043993851286,0,1,0,0,0
121,0,2,1,0.1774401458804491,1,0,-0.040787184044554156,0,1,0,0.057853306636433906,0,1,0,0,0
122,1,2,0,0.1774401458804491,0,0,-0.38447464817852084,1,0,0,-0.5618043993851286,0,0,0,1,0
123,0,1,1,1.7900676426879876,0,1,0.9098295350180712,1,0,0,0.057853306636433906,0,1,0,0,0
124,1,3,1,-1.2885848512173133,1,0,-0.41987460999558585,0,1,0,0.057853306636433906,0,1,0,0,0
125,0,3,1,0.6905488948646659,0,0,-0.49017322040145855,0,0,1,-0.5618043993851286,0,1,0,0,0
126,1,3,1,-0.40896985295865584,0,0,-0.5024201616363563,1,0,0,-0.5618043993851286,0,1,0,0,0
127,1,3,0,-2.0215973497661945,1,1,-0.19606341990539358,0,1,0,0.6775110126579964,0,0,0,1,0
128,0,3,1,1.1303563939939947,0,0,-0.5057763429677017,1,0,0,-0.5618043993851286,0,1,0,0,0
129,0,3,1,0.2507413957353372,0,0,-0.48723782005286725,0,1,0,-0.5618043993851286,0,1,0,0,0
130,0,3,1,-0.7021748523782083,0,0,-0.5042663633645169,1,0,0,-0.5618043993851286,0,1,0,0,0
131,0,3,0,1.2769588937037708,1,0,-0.35427505611482435,1,0,0,0.057853306636433906,0,0,1,0,0
132,1,2,0,-0.042463603684215256,1,0,-0.12274485029315124,1,0,0,0.057853306636433906,0,0,1,0,0
133,0,2,1,-0.3356686031037677,0,0,-0.38447464817852084,1,0,0,-0.5618043993851286,0,1,0,0,0
134,0,2,1,-0.48227110281354396,0,0,-0.343286431215914,0,1,0,-0.5618043993851286,0,1,0,0,0
135,1,1,0,-0.7754761022330964,0,2,-0.11704115400538775,1,0,0,0.6775110126579964,0,0,0,1,0
136,0,1,1,0.5439463951548896,1,0,0.4228611129909654,1,0,0,0.057853306636433906,0,1,0,0,0
137,0,3,1,-0.9953798517977608,0,0,-0.46064405928157615,1,0,0,-0.5618043993851286,0,1,0,0,0
138,0,1,1,-0.40896985295865584,0,0,0.9483340148992845,0,1,0,-0.5618043993851286,0,1,0,0,0
139,0,3,0,-0.042463603684215256,0,2,-0.33925981894075447,0,1,0,0.6775110126579964,0,0,1,0,0
140,1,3,0,-0.5555723526684321,0,0,-0.49017322040145855,1,0,0,-0.5618043993851286,0,0,0,1,0
141,1,3,0,-0.40896985295865584,1,0,-0.32709542325749746,1,0,0,0.057853306636433906,0,0,1,0,0
142,0,3,1,-0.7754761022330964,0,0,-0.5103062817772562,0,0,1,-0.5618043993851286,0,1,0,0,0
143,0,2,1,-0.8487773520879845,0,0,-0.41467424024221733,1,0,0,-0.5618043993851286,0,1,0,0,0
144,0,2,1,-0.7754761022330964,1,1,0.09368555949667362,1,0,0,0.6775110126579964,0,1,0,0,0
145,1,3,1,-0.1890661033939915,0,0,-0.489251126190447,1,0,0,-0.5618043993851286,0,1,0,0,0
146,0,3,0,-1.5084886007819776,2,2,0.045869538729154176,1,0,0,1.9168264247011215,0,0,0,1,0
147,0,2,1,0.47064514530000157,0,2,-0.12274485029315124,1,0,0,0.6775110126579964,0,1,0,0,0
148,0,2,1,0.9104526444293303,0,0,-0.38447464817852084,1,0,0,-0.5618043993851286,0,0,0,0,1
149,0,2,1,1.5701638931233233,0,0,-0.39403785233202476,1,0,0,-0.5618043993851286,0,0,0,0,1
150,1,1,0,-0.5555723526684321,1,0,0.6946574415642337,1,0,0,0.057853306636433906,0,0,1,0,0
151,0,3,1,1.936670142397764,0,0,-0.4841333019887193,1,0,0,-0.5618043993851286,0,1,0,0,0
152,0,3,1,0.763850144719554,0,2,-0.35427505611482435,1,0,0,0.6775110126579964,0,1,0,0,0
153,0,3,1,0.03083764617067286,0,0,-0.49898143475337003,1,0,0,-0.5618043993851286,0,1,0,0,0
154,0,1,1,1.5701638931233233,0,1,0.5895467547334693,0,1,0,0.057853306636433906,0,1,0,0,0
155,1,3,0,-0.9953798517977608,0,0,-0.4905094425264344,0,0,1,-0.5618043993851286,0,0,0,1,0
156,0,3,1,0.03083764617067286,0,0,-0.4841333019887193,1,0,0,-0.5618043993851286,0,1,0,0,0
157,0,3,1,-0.1890661033939915,0,0,-0.4718018018960432,1,0,0,-0.5618043993851286,0,1,0,0,0
158,0,3,1,-1.068681101652649,8,2,0.7540499726228369,1,0,0,5.634772660830497,0,1,0,0,0
159,0,3,1,1.0570551441391065,0,1,-0.3220621579135481,1,0,0,0.057853306636433906,0,1,0,0,0
160,1,2,0,0.763850144719554,0,0,-0.3291087293950773,1,0,0,-0.5618043993851286,0,0,1,0,0
161,0,3,1,-0.2623673532488796,0,0,-0.48966989386706367,1,0,0,-0.5618043993851286,0,1,0,0,0
162,0,3,1,-0.9220786019428726,0,0,-0.4718018018960432,1,0,0,-0.5618043993851286,0,1,0,0,0
163,0,3,1,-2.0948985996210823,4,1,0.15282642728807924,1,0,0,2.536484130722684,0,1,0,0,0
164,1,3,1,-1.5084886007819776,0,2,-0.23297336132564347,1,0,0,0.6775110126579964,0,1,0,0,0
165,1,1,0,1.1303563939939947,0,1,0.46111392960498093,1,0,0,0.057853306636433906,0,0,1,0,0
166,0,3,0,1.1303563939939947,1,4,-0.08449203367913571,1,0,0,2.536484130722684,0,0,1,0,0
167,0,1,1,1.4235613934135471,0,0,-0.12425482989633606,1,0,0,-0.5618043993851286,0,1,0,0,0
168,0,3,1,-0.11576485353910337,0,0,0.4912289628108992,1,0,0,-0.5618043993851286,0,1,0,0,0
169,0,1,1,2.3031763916722046,0,0,0.02825311002533122,1,0,0,-0.5618043993851286,0,1,0,0,0
170,0,3,1,-1.8749948500564182,4,1,-0.05982903349378355,0,0,1,2.536484130722684,0,1,0,0,0
171,1,3,0,-2.0948985996210823,1,1,-0.4220570338487224,1,0,0,0.6775110126579964,0,0,0,1,0
172,0,3,1,-0.6288736025233201,0,0,-0.48664993466069395,1,0,0,-0.5618043993851286,0,1,0,0,0
173,0,1,1,1.936670142397764,0,0,-0.028204020684680614,0,1,0,-0.5618043993851286,0,1,0,0,0
174,0,3,1,-0.8487773520879845,1,1,-0.4880753554061005,1,0,0,0.6775110126579964,0,1,0,0,0
175,0,3,1,-1.7283923503466418,3,1,-0.13348181192486414,1,0,0,1.9168264247011215,0,1,0,0,0
176,0,1,0,1.496862643268435,0,0,-0.06813392131130011,0,1,0,-0.5618043993851286,0,0,0,1,0
177,0,2,1,0.03083764617067286,0,0,-0.38447464817852084,1,0,0,-0.5618043993851286,0,1,0,0,0
178,0,3,1,0.47064514530000157,0,0,-0.6462044460638905,1,0,0,-0.5618043993851286,0,1,0,0,0
179,0,3,0,-1.141982351507537,8,2,0.7540499726228369,1,0,0,5.634772660830497,0,0,0,1,0
180,0,2,1,0.2507413957353372,0,0,-0.34320187235813565,0,1,0,-0.5618043993851286,0,1,0,0,0
181,0,3,1,-1.5084886007819776,4,2,-0.014277982131041355,1,0,0,3.1561418367442466,0,1,0,0,0
182,1,2,1,-2.0948985996210823,2,1,0.13898494759221836,1,0,0,1.297168718679559,0,1,0,0,0
183,1,3,0,-1.8749948500564182,0,2,-0.20277376926194698,1,0,0,0.6775110126579964,0,0,0,1,0
184,0,1,1,1.0570551441391065,0,0,0.36044862272599265,1,0,0,-0.5618043993851286,0,1,0,0,0
185,1,3,0,-0.042463603684215256,1,0,-0.33414199473902667,0,0,1,0.057853306636433906,0,0,1,0,0
186,1,1,1,1.1303563939939947,0,0,-0.11167166653646252,1,0,0,-0.5618043993851286,0,1,0,0,0
187,0,3,1,0.763850144719554,1,1,-0.33414199473902667,0,0,1,0.6775110126579964,0,1,0,0,0
188,0,3,1,0.47064514530000157,0,0,-0.48723782005286725,1,0,0,-0.5618043993851286,0,1,0,0,0
189,1,2,0,0.1774401458804491,0,0,-0.38447464817852084,1,0,0,-0.5618043993851286,0,0,1,0,0
190,0,2,1,-0.7754761022330964,0,0,-0.38447464817852084,1,0,0,-0.5618043993851286,0,1,0,0,0
191,1,3,0,-0.7754761022330964,1,0,-0.4880753554061005,1,0,0,0.057853306636433906,0,0,0,1,0
192,1,2,1,-1.9482960999113061,1,1,-0.12274485029315124,1,0,0,0.6775110126579964,0,1,0,0,0
193,1,1,0,1.0570551441391065,0,0,-0.08809987827767862,0,1,0,-0.5618043993851286,0,0,1,0,0
194,1,1,0,2.08327264210754,0,0,2.3037078131670836,0,1,0,-0.5618043993851286,0,0,0,1,0
195,0,3,1,0.6905488948646659,0,0,-0.49017322040145855,0,0,1,-0.5618043993851286,0,1,0,0,0
196,0,3,1,0.9104526444293303,0,1,-0.4770021716494118,1,0,0,0.057853306636433906,0,1,0,0,0
197,1,3,0,-0.7021748523782083,0,0,-0.49017322040145855,0,0,1,-0.5618043993851286,0,0,0,1,0
198,0,2,0,-0.40896985295865584,0,0,-0.38447464817852084,1,0,0,-0.5618043993851286,0,0,0,1,0
199,0,3,1,-0.11576485353910337,0,0,-0.4549403629938127,1,0,0,-0.5618043993851286,0,1,0,0,0
200,0,3,1,-1.068681101652649,8,2,0.7540499726228369,1,0,0,5.634772660830497,0,1,0,0,0
201,0,3,1,0.32404264559022533,0,0,-0.515424105978984,1,0,0,-0.5618043993851286,0,1,0,0,0
202,0,3,1,1.2036576438488826,0,0,-0.5007430776237524,0,1,0,-0.5618043993851286,0,1,0,0,0
203,1,3,1,-0.8487773520879845,0,0,-0.4841333019887193,1,0,0,-0.5618043993851286,0,1,0,0,0
204,0,3,0,-2.0215973497661945,0,1,-0.43556229141960745,1,0,0,0.057853306636433906,0,0,0,1,0
205,0,3,1,0.1774401458804491,1,0,-0.32709542325749746,1,0,0,0.057853306636433906,0,1,0,0,0
206,1,3,1,-0.2623673532488796,0,0,-0.26795455546609187,0,1,0,-0.5618043993851286,0,1,0,0,0
207,1,3,0,-0.9953798517977608,0,0,-0.49017322040145855,0,0,1,-0.5618043993851286,0,0,0,1,0
208,1,1,1,0.763850144719554,0,0,-0.022079543414162937,0,1,0,-0.5618043993851286,0,1,0,0,0
209,0,3,1,-0.40896985295865584,0,0,-0.5042663633645169,1,0,0,-0.5618043993851286,0,1,0,0,0
210,1,2,0,0.39734389544511345,0,0,-0.22341015717213955,1,0,0,-0.5618043993851286,0,0,0,1,0
211,0,3,1,-0.5555723526684321,0,0,-0.5002397510893574,1,0,0,-0.5618043993851286,0,1,0,0,0
212,0,2,1,0.03083764617067286,0,0,-0.38447464817852084,1,0,0,-0.5618043993851286,0,1,0,0,0
213,0,3,1,0.32404264559022533,1,0,-0.49017322040145855,0,0,1,0.057853306636433906,0,1,0,0,0
214,1,1,0,0.10413889602556098,1,0,1.6343680812795898,0,1,0,0.057853306636433906,0,0,0,1,0
215,1,3,0,-0.1890661033939915,0,0,-0.48664993466069395,1,0,0,-0.5618043993851286,0,0,0,1,0
216,0,2,1,0.9104526444293303,1,0,-0.10261178891735358,1,0,0,0.057853306636433906,0,1,0,0,0
217,1,1,0,0.1774401458804491,0,0,0.8897810325000521,0,1,0,-0.5618043993851286,0,0,0,1,0
218,0,2,1,0.03083764617067286,0,0,-0.434807301618015,1,0,0,-0.5618043993851286,0,1,0,0,0
219,1,3,1,-0.9953798517977608,0,0,-0.4841333019887193,1,0,0,-0.5618043993851286,0,1,0,0,0
220,0,2,1,-0.1890661033939915,0,0,-0.38447464817852084,1,0,0,-0.5618043993851286,0,1,0,0,0
221,0,3,1,1.5701638931233233,0,0,-0.4841333019887193,1,0,0,-0.5618043993851286,0,1,0,0,0
222,0,3,1,-0.042463603684215256,0,0,-0.48723782005286725,1,0,0,-0.5618043993851286,0,1,0,0,0
223,1,1,1,0.6172476450097778,1,0,1.1657710777578991,1,0,0,0.057853306636433906,0,1,0,0,0
224,0,3,1,-0.5555723526684321,0,0,-0.4579603222001823,1,0,0,-0.5618043993851286,0,1,0,0,0
225,1,2,1,-0.7754761022330964,0,0,-0.434807301618015,1,0,0,-0.5618043993851286,0,1,0,0,0
226,0,3,1,-0.7021748523782083,0,0,-0.5002397510893574,1,0,0,-0.5618043993851286,0,1,0,0,0
227,0,2,1,-0.8487773520879845,0,0,-0.38447464817852084,1,0,0,-0.5618043993851286,0,1,0,0,0
228,0,3,0,-1.80169360020153,3,1,-0.13348181192486414,1,0,0,1.9168264247011215,0,0,0,1,0
229,1,1,0,0.39734389544511345,1,0,1.0344028522808193,1,0,0,0.057853306636433906,0,0,1,0,0
230,0,3,1,-0.042463603684215256,0,0,-0.48966989386706367,1,0,0,-0.5618043993851286,0,1,0,0,0
231,0,2,1,2.156573891962428,0,0,-0.374408117490622,1,0,0,-0.5618043993851286,0,1,0,0,0
232,1,3,0,-1.80169360020153,4,2,-0.014277982131041355,1,0,0,3.1561418367442466,0,0,0,1,0
233,0,2,1,-0.40896985295865584,0,0,-0.434807301618015,1,0,0,-0.5618043993851286,0,1,0,0,0
234,0,3,0,-0.2623673532488796,0,0,-0.4941998326766181,1,0,0,-0.5618043993851286,0,0,0,1,0
235,0,2,1,1.0570551441391065,1,0,-0.12274485029315124,1,0,0,0.057853306636433906,0,1,0,0,0
236,1,2,0,-1.5817898506368657,0,2,-0.11771158494920184,1,0,0,0.6775110126579964,0,0,0,1,0
237,0,2,1,-0.7754761022330964,0,0,-0.434807301618015,1,0,0,-0.5618043993851286,0,1,0,0,0
238,0,2,1,0.2507413957353372,0,0,-0.3990711176759742,1,0,0,-0.5618043993851286,0,1,0,0,0
239,0,3,0,-0.7754761022330964,1,0,-0.3551971503258359,0,1,0,0.057853306636433906,0,0,0,1,0
240,1,3,0,-0.8487773520879845,1,0,-0.33414199473902667,0,0,1,0.057853306636433906,0,0,0,1,0
241,0,2,1,-0.042463603684215256,0,0,-0.434807301618015,1,0,0,-0.5618043993851286,0,1,0,0,0
242,0,3,1,-0.5555723526684321,0,0,-0.5027563837613321,1,0,0,-0.5618043993851286,0,1,0,0,0
243,0,3,1,0.03083764617067286,0,0,-0.5007430776237524,0,1,0,-0.5618043993851286,0,1,0,0,0
244,0,1,1,1.0570551441391065,2,0,1.1657710777578991,0,0,1,0.6775110126579964,1,0,0,0,0
245,0,3,0,-0.3356686031037677,0,0,-0.48966989386706367,1,0,0,-0.5618043993851286,0,0,0,1,0
246,1,2,0,-0.40896985295865584,0,2,-0.35427505611482435,1,0,0,0.6775110126579964,0,0,1,0,0
247,1,1,1,0.5439463951548896,1,1,0.41187248809205507,1,0,0,0.6775110126579964,0,1,0,0,0
248,0,2,1,1.7900676426879876,1,0,-0.12274485029315124,1,0,0,0.057853306636433906,0,0,0,0,1
249,0,3,1,0.03083764617067286,0,0,-0.5002397510893574,1,0,0,-0.5618043993851286,0,1,0,0,0
250,0,3,0,-0.042463603684215256,1,1,-0.43556229141960745,1,0,0,0.6775110126579964,0,0,1,0,0
251,0,1,1,2.3764776415270927,0,0,-0.11167166653646252,1,0,0,-0.5618043993851286,0,1,0,0,0
252,0,3,1,0.03083764617067286,1,0,-0.3220621579135481,1,0,0,0.057853306636433906,0,1,0,0,0
253,0,3,0,0.8371513945744421,0,2,-0.23926494300558024,1,0,0,0.6775110126579964,0,0,1,0,0
254,1,3,0,-0.042463603684215256,0,2,-0.33925981894075447,0,1,0,0.6775110126579964,0,0,1,0,0
255,1,1,0,0.8371513945744421,0,0,0.9483340148992845,0,1,0,-0.5618043993851286,0,0,1,0,0
256,1,1,0,0.03083764617067286,0,0,1.0953053629426073,1,0,0,-0.5618043993851286,0,0,0,1,0
257,1,1,0,0.39734389544511345,0,0,9.668550782149426,0,1,0,-0.5618043993851286,0,0,0,1,0
258,1,2,0,1.496862643268435,0,1,-0.12274485029315124,1,0,0,0.057853306636433906,0,0,1,0,0
259,0,3,1,0.6905488948646659,0,0,-0.49017322040145855,0,0,1,-0.5618043993851286,0,1,0,0,0
260,1,3,1,-1.9482960999113061,4,2,-0.014277982131041355,1,0,0,3.1561418367442466,0,1,0,0,0
261,0,1,1,1.6434651429782114,1,1,0.9573938925183935,1,0,0,0.6775110126579964,0,1,0,0,0
262,0,1,1,0.763850144719554,0,0,-0.6462044460638905,1,0,0,-0.5618043993851286,0,1,0,0,0
263,0,3,0,-0.1890661033939915,0,0,-0.49017322040145855,0,0,1,-0.5618043993851286,0,0,0,1,0
264,0,2,1,0.47064514530000157,0,0,-0.434807301618015,1,0,0,-0.5618043993851286,0,1,0,0,0
265,0,3,1,-0.9953798517977608,4,1,0.15282642728807924,1,0,0,2.536484130722684,0,1,0,0,0
266,1,3,1,-0.3356686031037677,1,0,-0.48966989386706367,1,0,0,0.057853306636433906,0,1,0,0,0
267,1,1,0,2.08327264210754,0,1,2.443465485319458,1,0,0,0.057853306636433906,0,0,1,0,0
268,1,1,0,0.39734389544511345,0,0,2.084509107438086,1,0,0,-0.5618043993851286,0,0,0,1,0
269,0,1,1,1.496862643268435,0,0,-0.022079543414162937,1,0,0,-0.5618043993851286,0,1,0,0,0
270,1,3,1,-0.3356686031037677,0,0,-0.6462044460638905,1,0,0,-0.5618043993851286,0,1,0,0,0
271,1,2,0,0.8371513945744421,0,1,-0.25360974923583607,1,0,0,0.057853306636433906,0,0,1,0,0
272,0,1,1,0.5439463951548896,0,1,-0.04825252320269991,0,1,0,0.057853306636433906,0,1,0,0,0
273,1,3,0,-0.7021748523782083,0,0,-0.49017322040145855,0,0,1,-0.5618043993851286,0,0,0,1,0
274,1,1,0,2.449778891381981,1,0,0.9233347925889563,1,0,0,0.057853306636433906,0,0,0,1,0
275,0,3,0,1.1303563939939947,0,0,-0.49017322040145855,1,0,0,-0.5618043993851286,0,0,0,1,0
276,0,2,1,0.39734389544511345,0,0,-0.6462044460638905,1,0,0,-0.5618043993851286,0,1,0,0,0
277,0,3,1,-1.6550911004917537,4,1,-0.05982903349378355,0,0,1,2.536484130722684,0,1,0,0,0
278,1,3,0,0.39734389544511345,1,1,-0.2385099532039878,1,0,0,0.6775110126579964,0,0,1,0,0
279,0,3,1,2.5963813910917573,0,0,-0.49017322040145855,0,0,1,-0.5618043993851286,0,1,0,0,0
280,0,3,1,-0.11576485353910337,0,0,-0.4880753554061005,1,0,0,-0.5618043993851286,0,1,0,0,0
281,0,3,1,-0.9953798517977608,0,0,-0.4549403629938127,1,0,0,-0.5618043993851286,0,1,0,0,0
282,1,3,1,-0.7754761022330964,0,0,-0.4841333019887193,1,0,0,-0.5618043993851286,0,1,0,0,0
283,0,1,1,1.4235613934135471,0,0,-0.12274485029315124,1,0,0,-0.5618043993851286,0,1,0,0,0
284,0,3,1,0.2507413957353372,0,0,-0.4718018018960432,0,1,0,-0.5618043993851286,0,1,0,0,0
285,1,3,1,0.03083764617067286,0,0,-0.4549403629938127,1,0,0,-0.5618043993851286,0,1,0,0,0
286,0,3,1,-0.5555723526684321,0,0,-0.48723782005286725,1,0,0,-0.5618043993851286,0,1,0,0,0
287,1,2,1,0.9104526444293303,0,0,-0.38447464817852084,1,0,0,-0.5618043993851286,0,1,0,0,0
288,1,3,0,-0.5555723526684321,0,0,-0.49017322040145855,0,0,1,-0.5618043993851286,0,0,0,1,0
289,1,1,0,-0.2623673532488796,0,0,0.941287443417755,1,0,0,-0.5618043993851286,0,0,0,1,0
290,1,1,0,-0.7754761022330964,1,0,1.1874986775946599,0,1,0,0.057853306636433906,0,0,1,0,0
291,0,2,1,0.47064514530000157,0,0,-0.38699128085049556,0,1,0,-0.5618043993851286,0,1,0,0,0
292,0,3,0,-0.40896985295865584,0,0,-0.4680268528880811,1,0,0,-0.5618043993851286,0,0,0,1,0
293,0,3,1,-0.40896985295865584,0,0,-0.48723782005286725,1,0,0,-0.5618043993851286,0,1,0,0,0
294,0,1,1,1.350260143558659,0,0,-0.08809987827767862,0,1,0,-0.5618043993851286,0,1,0,0,0
295,0,3,1,-0.40896985295865584,0,0,-0.500658518765974,0,1,0,-0.5618043993851286,0,1,0,0,0
296,0,1,0,-2.0215973497661945,1,2,2.404961005438245,1,0,0,1.297168718679559,0,0,0,1,0
297,1,1,1,0.9104526444293303,0,0,-0.032146074102061765,1,0,0,-0.5618043993851286,0,1,0,0,0
298,1,1,0,1.496862643268435,0,1,4.337147012122648,0,1,0,0.057853306636433906,0,0,1,0,0
299,1,3,0,-0.7021748523782083,0,0,-0.49017322040145855,0,0,1,-0.5618043993851286,0,0,0,1,0
300,1,3,1,-0.5555723526684321,2,0,-0.17811076907659482,0,0,1,0.6775110126579964,0,1,0,0,0
301,0,3,1,-0.7754761022330964,0,0,-0.6462044460638905,1,0,0,-0.5618043993851286,0,1,0,0,0
302,1,2,0,-0.2623673532488796,0,0,-0.3975611380727893,0,0,1,-0.5618043993851286,0,0,0,1,0
303,0,3,1,-0.042463603684215256,0,0,-0.4841333019887193,1,0,0,-0.5618043993851286,0,1,0,0,0
304,1,1,1,-2.0948985996210823,1,2,2.404961005438245,1,0,0,1.297168718679559,0,1,0,0,0
305,1,1,0,0.10413889602556098,0,0,1.5862158383870948,0,1,0,-0.5618043993851286,0,0,0,1,0
306,1,1,0,-0.9220786019428726,1,0,1.546285937760475,0,1,0,0.057853306636433906,0,0,1,0,0
307,0,2,1,0.03083764617067286,1,0,-0.16301097304474657,0,1,0,0.057853306636433906,0,1,0,0,0
308,1,1,0,0.03083764617067286,0,0,0.4999546316111698,0,1,0,-0.5618043993851286,0,0,0,1,0
309,1,1,0,-0.40896985295865584,0,0,1.0280267117431041,0,1,0,-0.5618043993851286,0,0,0,1,0
310,1,1,0,-0.8487773520879845,2,2,4.636207532411021,0,1,0,1.9168264247011215,0,0,0,1,0
311,0,2,0,-0.2623673532488796,1,1,-0.12274485029315124,1,0,0,0.6775110126579964,0,0,1,0,0
312,0,3,1,-0.11576485353910337,0,0,-0.48723782005286725,1,0,0,-0.5618043993851286,0,1,0,0,0
313,0,2,1,0.9837538942842183,1,1,-0.11771158494920184,1,0,0,0.6775110126579964,0,1,0,0,0
314,1,3,0,-0.2623673532488796,0,0,-0.4880753554061005,1,0,0,-0.5618043993851286,0,0,0,1,0
315,1,2,0,-0.40896985295865584,1,0,-0.12274485029315124,1,0,0,0.057853306636433906,0,0,1,0,0
316,0,2,1,1.7900676426879876,0,0,-0.36434158680272316,1,0,0,-0.5618043993851286,1,0,0,0,0
317,1,1,0,0.10413889602556098,0,2,2.67306694386133,1,0,0,0.6775110126579964,0,0,0,1,0
318,1,1,0,0.763850144719554,1,1,2.061692308980895,0,1,0,0.6775110126579964,0,0,1,0,0
319,0,3,1,-0.5555723526684321,0,0,-0.5002397510893574,1,0,0,-0.5618043993851286,0,1,0,0,0
320,0,3,1,-0.1890661033939915,0,0,-0.48723782005286725,1,0,0,-0.5618043993851286,0,1,0,0,0
321,1,2,0,0.03083764617067286,0,0,-0.3975611380727893,0,0,1,-0.5618043993851286,0,0,0,1,0
322,1,2,0,-0.5555723526684321,1,1,-0.06234566616575826,1,0,0,0.6775110126579964,0,0,1,0,0
323,0,3,1,-1.068681101652649,8,2,0.7540499726228369,1,0,0,5.634772660830497,0,1,0,0,0
324,1,1,0,0.47064514530000157,0,0,2.084509107438086,0,1,0,-0.5618043993851286,0,0,0,1,0
325,0,3,1,2.3031763916722046,0,0,-0.5206244757323525,1,0,0,-0.5618043993851286,0,1,0,0,0
326,1,2,0,0.47064514530000157,0,0,-0.38447464817852084,1,0,0,-0.5618043993851286,0,0,1,0,0
327,1,3,0,0.10413889602556098,1,1,-0.23297336132564347,1,0,0,0.6775110126579964,0,0,1,0,0
328,1,1,0,-0.9953798517977608,0,1,0.5210943460557573,0,1,0,0.057853306636433906,0,0,0,1,0
329,1,3,0,-0.9953798517977608,2,0,-0.17811076907659482,0,0,1,0.6775110126579964,0,0,0,1,0
330,0,1,1,1.2036576438488826,0,0,-0.07241219685365709,1,0,0,-0.5618043993851286,0,1,0,0,0
331,0,1,1,0.6172476450097778,0,1,2.443465485319458,1,0,0,0.057853306636433906,0,1,0,0,0
332,0,3,1,-0.9953798517977608,2,0,-0.28380934129953256,1,0,0,0.6775110126579964,0,1,0,0,0
333,1,1,0,0.32404264559022533,1,0,2.044579206811467,1,0,0,0.057853306636433906,0,0,1,0,0
334,0,3,1,-0.042463603684215256,0,0,-0.48723782005286725,1,0,0,-0.5618043993851286,0,1,0,0,0
335,0,1,1,-0.042463603684215256,1,0,0.6946574415642337,1,0,0,0.057853306636433906,0,1,0,0,0
336,1,1,0,0.8371513945744421,0,0,2.061692308980895,0,1,0,-0.5618043993851286,0,0,0,1,0
337,1,3,1,1.1303563939939947,0,0,-0.4841333019887193,1,0,0,-0.5618043993851286,0,1,0,0,0
338,0,1,1,1.1303563939939947,0,0,0.06851923277692655,1,0,0,-0.5618043993851286,0,1,0,0,0
339,1,2,1,-2.0215973497661945,1,1,-0.12274485029315124,1,0,0,0.6775110126579964,0,1,0,0,0
340,1,1,0,-0.40896985295865584,3,2,4.648790695770894,1,0,0,2.536484130722684,0,0,0,1,0
341,0,2,1,-0.11576485353910337,0,0,-0.38447464817852084,1,0,0,-0.5618043993851286,0,1,0,0,0
342,0,2,1,-0.3356686031037677,0,0,-0.38447464817852084,1,0,0,-0.5618043993851286,0,1,0,0,0
343,0,2,1,0.47064514530000157,0,0,-0.38447464817852084,1,0,0,-0.5618043993851286,0,1,0,0,0
344,1,2,0,-0.40896985295865584,0,0,-0.38447464817852084,1,0,0,-0.5618043993851286,0,0,0,1,0
345,1,2,0,0.763850144719554,0,0,-0.38447464817852084,1,0,0,-0.5618043993851286,0,0,0,1,0
346,1,3,0,0.03083764617067286,1,0,-0.3220621579135481,1,0,0,0.057853306636433906,0,0,1,0,0
347,1,3,1,-1.9482960999113061,1,1,-0.32608877018870763,1,0,0,0.6775110126579964,0,1,0,0,0
348,0,3,1,0.9104526444293303,0,0,-0.4718018018960432,1,0,0,-0.5618043993851286,0,1,0,0,0
349,0,3,1,-0.48227110281354396,0,0,-0.460476954872157,1,0,0,-0.5618043993851286,0,1,0,0,0
350,0,1,1,1.350260143558659,0,0,0.05845270208902771,1,0,0,-0.5618043993851286,0,1,0,0,0
351,0,3,1,-1.068681101652649,1,1,-0.500658518765974,0,1,0,0.6775110126579964,0,1,0,0,0
352,0,3,1,-0.3356686031037677,1,0,-0.28783595357469205,1,0,0,0.057853306636433906,0,1,0,0,0
353,0,3,1,-0.042463603684215256,0,0,-0.5007430776237524,0,1,0,-0.5618043993851286,0,1,0,0,0
354,0,3,1,-0.11576485353910337,0,0,-0.4549403629938127,1,0,0,-0.5618043993851286,0,1,0,0,0
355,1,1,0,-0.5555723526684321,0,1,0.46111392960498093,1,0,0,0.057853306636433906,0,0,0,1,0
356,0,2,0,0.6172476450097778,0,0,-0.38447464817852084,1,0,0,-0.5618043993851286,0,0,0,1,0
357,1,3,0,-0.7754761022330964,0,0,-0.4875720288717055,0,0,1,-0.5618043993851286,0,0,0,1,0
358,1,3,0,-0.7754761022330964,0,0,-0.4875720288717055,0,0,1,-0.5618043993851286,0,0,0,1,0
359,0,3,1,0.763850144719554,1,4,-0.08449203367913571,1,0,0,2.536484130722684,0,1,0,0,0
360,0,2,1,-0.042463603684215256,1,0,-0.08809987827767862,0,1,0,0.057853306636433906,0,1,0,0,0
361,0,3,0,1.1303563939939947,0,1,-0.3551971503258359,0,1,0,0.057853306636433906,0,0,1,0,0
362,0,3,1,0.39734389544511345,0,0,-0.5042663633645169,1,0,0,-0.5618043993851286,0,1,0,0,0
363,0,3,1,0.2507413957353372,1,0,-0.33414199473902667,0,0,1,0.057853306636433906,0,1,0,0,0
364,0,3,1,0.03083764617067286,0,0,-0.5002397510893574,1,0,0,-0.5618043993851286,0,1,0,0,0
365,1,1,0,2.2298751418173164,1,0,0.8688084224648837,0,1,0,0.057853306636433906,0,0,1,0,0
366,1,3,0,-0.40896985295865584,0,0,-0.500658518765974,0,1,0,-0.5618043993851286,0,0,1,0,0
367,1,3,0,-0.7021748523782083,0,0,-0.49017322040145855,0,0,1,-0.5618043993851286,0,0,0,1,0
368,1,1,0,-0.40896985295865584,0,0,0.7490167072788875,0,1,0,-0.5618043993851286,0,0,1,0,0
369,1,1,1,-0.3356686031037677,1,0,0.4700067028146707,0,1,0,0.057853306636433906,0,1,0,0,0
370,0,3,1,-0.8487773520879845,1,0,-0.515424105978984,1,0,0,0.057853306636433906,0,1,0,0,0
371,0,3,1,-0.7754761022330964,0,0,-0.4841333019887193,1,0,0,-0.5618043993851286,0,1,0,0,0
372,0,1,1,-0.5555723526684321,0,0,2.084509107438086,0,1,0,-0.5618043993851286,0,1,0,0,0
373,0,3,0,-1.9482960999113061,3,1,-0.22190017756895475,1,0,0,1.9168264247011215,0,0,0,1,0
374,1,1,0,0.47064514530000157,1,0,1.008145313634504,0,1,0,0.057853306636433906,0,0,1,0,0
375,1,3,0,-0.5555723526684321,0,0,-0.5002397510893574,1,0,0,-0.5618043993851286,0,0,0,1,0
376,0,1,1,-0.1890661033939915,0,2,3.6119380349173147,0,1,0,0.6775110126579964,0,1,0,0,0
377,0,3,1,-0.7021748523782083,0,0,-0.5654205372935024,0,1,0,-0.5618043993851286,0,1,0,0,0
378,0,3,1,-0.7754761022330964,0,0,-0.48966989386706367,1,0,0,-0.5618043993851286,0,1,0,0,0
379,1,1,0,0.9104526444293303,0,0,3.9345703434644728,0,1,0,-0.5618043993851286,0,0,0,1,0
380,1,3,0,-2.0948985996210823,0,2,-0.3292758338044964,0,1,0,0.6775110126579964,0,0,0,1,0
381,0,3,1,0.1774401458804491,0,0,-0.48664993466069395,1,0,0,-0.5618043993851286,0,1,0,0,0
382,1,1,0,0.39734389544511345,1,0,0.40071474547758795,1,0,0,0.057853306636433906,0,0,1,0,0
383,0,3,1,-0.042463603684215256,0,0,-0.48723782005286725,1,0,0,-0.5618043993851286,0,1,0,0,0
384,0,2,1,-0.8487773520879845,0,0,0.8335755650572377,1,0,0,-0.5618043993851286,0,1,0,0,0
385,0,3,1,-2.0948985996210823,5,2,0.29803613246101984,1,0,0,3.7757995427658093,0,1,0,0,0
386,1,2,0,0.47064514530000157,0,0,-0.38447464817852084,1,0,0,-0.5618043993851286,0,0,0,1,0
387,0,3,1,0.32404264559022533,0,0,-0.4905919880780752,0,0,1,-0.5618043993851286,0,1,0,0,0
388,1,2,0,-0.9220786019428726,0,0,-0.4046077095543185,0,1,0,-0.5618043993851286,0,0,0,1,0
389,1,1,1,0.47064514530000157,1,2,1.769762919031829,1,0,0,1.297168718679559,0,1,0,0,0
390,1,3,1,-0.6288736025233201,0,0,-0.489251126190447,1,0,0,-0.5618043993851286,0,1,0,0,0
391,0,3,1,-0.11576485353910337,2,0,-0.48664993466069395,1,0,0,0.6775110126579964,0,1,0,0,0
392,1,1,0,-0.48227110281354396,1,0,1.6343680812795898,0,1,0,0.057853306636433906,0,0,0,1,0
393,1,3,0,-0.40896985295865584,0,2,-0.3099823210880695,1,0,0,0.6775110126579964,0,0,1,0,0
394,0,3,1,-0.5555723526684321,0,0,-0.489251126190447,1,0,0,-0.5618043993851286,0,1,0,0,0
395,0,3,0,0.10413889602556098,0,0,-0.4880753554061005,1,0,0,-0.5618043993851286,0,0,0,1,0
396,0,2,1,1.2036576438488826,0,0,-0.12274485029315124,1,0,0,-0.5618043993851286,0,1,0,0,0
397,0,2,1,-0.48227110281354396,0,0,-0.434807301618015,1,0,0,-0.5618043993851286,1,0,0,0,0
398,1,2,0,-0.11576485353910337,0,0,-0.39152121966005005,1,0,0,-0.5618043993851286,0,0,1,0,0
399,1,3,1,0.6905488948646659,0,0,-0.48664993466069395,1,0,0,-0.5618043993851286,0,1,0,0,0
400,0,3,1,-0.2623673532488796,0,0,-0.4841333019887193,1,0,0,-0.5618043993851286,0,1,0,0,0
401,0,3,0,-0.6288736025233201,1,0,-0.4483971180466784,1,0,0,0.057853306636433906,0,0,0,1,0
402,0,3,1,-0.11576485353910337,1,0,-0.32709542325749746,1,0,0,0.057853306636433906,0,1,0,0,0
403,0,3,0,-0.7021748523782083,0,0,-0.4718018018960432,1,0,0,-0.5618043993851286,0,0,0,1,0
404,0,2,1,0.32404264559022533,1,0,-0.22341015717213955,1,0,0,0.057853306636433906,0,1,0,0,0
405,0,3,1,1.5701638931233233,0,0,-0.49017322040145855,1,0,0,-0.5618043993851286,0,1,0,0,0
406,1,2,1,-1.9482960999113061,1,1,-0.2687095452676843,1,0,0,0.6775110126579964,0,1,0,0,0
407,0,3,1,-0.6288736025233201,0,0,-0.48966989386706367,1,0,0,-0.5618043993851286,0,1,0,0,0
408,0,3,0,-1.80169360020153,3,1,-0.13348181192486414,1,0,0,1.9168264247011215,0,0,0,1,0
409,0,3,1,-0.042463603684215256,0,0,-0.48723782005286725,1,0,0,-0.5618043993851286,0,1,0,0,0
410,0,3,1,0.47064514530000157,0,0,-0.5081258712302573,0,0,1,-0.5618043993851286,0,1,0,0,0
411,1,1,0,0.2507413957353372,1,0,1.1657710777578991,0,0,1,0.057853306636433906,0,0,0,1,0
412,0,2,1,0.39734389544511345,0,0,-0.6462044460638905,1,0,0,-0.5618043993851286,0,1,0,0,0
413,1,3,1,1.0570551441391065,0,0,-0.48664993466069395,1,0,0,-0.5618043993851286,0,1,0,0,0
414,0,3,0,0.6172476450097778,0,0,-0.4841333019887193,1,0,0,-0.5618043993851286,0,0,1,0,0
415,1,2,0,0.32404264559022533,1,1,0.008120048649533558,1,0,0,0.6775110126579964,0,0,1,0,0
416,1,2,0,-0.8487773520879845,0,2,-0.38447464817852084,1,0,0,0.6775110126579964,0,0,0,1,0
417,0,2,1,0.03083764617067286,0,0,-0.38447464817852084,1,0,0,-0.5618043993851286,0,1,0,0,0
418,0,3,0,-1.4351873509270894,0,2,-0.15999101383837694,1,0,0,0.6775110126579964,0,0,0,1,0
419,0,3,1,0.03083764617067286,0,0,-0.48723782005286725,0,1,0,-0.5618043993851286,0,1,0,0,0
420,0,3,1,-0.6288736025233201,0,0,-0.4905094425264344,0,0,1,-0.5618043993851286,0,1,0,0,0
421,0,3,1,-0.042463603684215256,0,0,-0.4876565877294839,1,0,0,-0.5618043993851286,0,1,0,0,0
422,0,3,0,-0.11576485353910337,1,1,-0.3562883622524042,1,0,0,0.6775110126579964,0,0,1,0,0
423,0,3,1,-0.8487773520879845,1,1,-0.23926494300558024,1,0,0,0.6775110126579964,0,1,0,0,0
424,0,3,1,0.03083764617067286,0,0,-0.5002397510893574,1,0,0,-0.5618043993851286,0,1,0,0,0
425,1,2,0,-0.11576485353910337,1,0,-0.12274485029315124,1,0,0,0.057853306636433906,0,0,1,0,0
426,1,2,0,-0.7754761022330964,0,0,-0.12274485029315124,1,0,0,-0.5618043993851286,0,0,0,1,0
427,0,3,1,0.6905488948646659,0,0,-0.49017322040145855,0,0,1,-0.5618043993851286,0,1,0,0,0
428,1,3,1,0.1774401458804491,0,0,-0.4841333019887193,1,0,0,-0.5618043993851286,0,1,0,0,0
429,1,1,1,-0.11576485353910337,0,0,-0.11167166653646252,1,0,0,-0.5618043993851286,0,1,0,0,0
430,1,3,0,0.03083764617067286,1,0,-0.3220621579135481,1,0,0,0.057853306636433906,0,0,1,0,0
431,1,2,0,0.9104526444293303,1,0,-0.12274485029315124,1,0,0,0.057853306636433906,0,0,1,0,0
432,0,3,1,-0.9220786019428726,0,0,-0.5027563837613321,1,0,0,-0.5618043993851286,0,1,0,0,0
433,0,1,1,1.496862643268435,1,0,0.47923368484319884,1,0,0,0.057853306636433906,0,1,0,0,0
434,1,1,0,-1.141982351507537,1,2,1.769762919031829,1,0,0,1.297168718679559,0,0,0,1,0
435,0,3,0,-0.6288736025233201,2,2,0.045869538729154176,1,0,0,1.9168264247011215,0,0,0,1,0
436,1,2,0,-0.40896985295865584,2,3,-0.2687095452676843,1,0,0,2.536484130722684,0,0,1,0,0
437,0,1,1,2.523080141236869,1,4,4.648790695770894,1,0,0,2.536484130722684,0,1,0,0,0
438,0,2,1,0.10413889602556098,0,0,-0.434807301618015,1,0,0,-0.5618043993851286,0,1,0,0,0
439,1,2,0,1.1303563939939947,1,1,-0.11771158494920184,1,0,0,0.6775110126579964,0,0,1,0,0
440,0,3,1,-0.7021748523782083,0,0,-0.4549403629938127,1,0,0,-0.5618043993851286,0,1,0,0,0
441,0,3,1,-0.3356686031037677,1,0,-0.48966989386706367,1,0,0,0.057853306636433906,0,1,0,0,0
442,1,2,0,-0.11576485353910337,0,0,-0.38447464817852084,1,0,0,-0.5618043993851286,0,0,0,1,0
443,1,3,1,-0.11576485353910337,0,0,-0.4828749856527319,1,0,0,-0.5618043993851286,0,1,0,0,0
444,1,1,1,-1.8749948500564182,0,2,1.0018537319545673,1,0,0,0.6775110126579964,0,1,0,0,0
445,1,2,0,-1.215283601362425,0,1,-0.25360974923583607,1,0,0,0.057853306636433906,0,0,0,1,0
446,1,1,1,0.32404264559022533,0,0,-0.11167166653646252,1,0,0,-0.5618043993851286,0,1,0,0,0
447,1,3,0,-1.80169360020153,2,1,-0.25847591017036636,0,1,0,1.297168718679559,0,0,0,1,0
448,1,1,1,1.6434651429782114,0,0,-0.032146074102061765,1,0,0,-0.5618043993851286,0,0,0,0,1
449,0,2,1,0.47064514530000157,1,2,-0.08751199288550533,1,0,0,1.297168718679559,0,1,0,0,0
450,0,3,1,-0.1890661033939915,1,0,-0.24421364949175128,1,0,0,0.057853306636433906,0,1,0,0,0
451,0,1,1,0.03083764617067286,0,0,-0.08751199288550533,0,1,0,-0.5618043993851286,0,1,0,0,0
452,1,1,1,1.4235613934135471,1,0,1.1477358813774596,0,1,0,0.057853306636433906,0,1,0,0,0
453,0,3,1,-0.042463603684215256,0,0,-0.4841333019887193,1,0,0,-0.5618043993851286,0,1,0,0,0
454,1,3,1,-0.042463603684215256,0,0,-0.48723782005286725,0,1,0,-0.5618043993851286,0,1,0,0,0
455,0,1,1,2.5963813910917573,0,0,-0.11167166653646252,1,0,0,-0.5618043993851286,0,1,0,0,0
456,1,1,0,0.6172476450097778,1,0,0.39794644953841574,1,0,0,0.057853306636433906,0,0,1,0,0
457,1,2,0,1.496862643268435,0,0,-0.434807301618015,1,0,0,-0.5618043993851286,0,0,0,1,0
458,0,3,1,0.6905488948646659,0,0,-0.49017322040145855,0,0,1,-0.5618043993851286,0,1,0,0,0
459,1,1,1,1.350260143558659,0,0,-0.11167166653646252,1,0,0,-0.5618043993851286,0,1,0,0,0
460,0,3,1,0.32404264559022533,0,0,-0.4841333019887193,1,0,0,-0.5618043993851286,0,1,0,0,0
461,0,1,1,1.2769588937037708,0,0,0.12891841690431952,1,0,0,-0.5618043993851286,0,1,0,0,0
462,0,2,1,1.350260143558659,0,0,-0.38447464817852084,1,0,0,-0.5618043993851286,0,1,0,0,0
463,0,3,1,-0.042463603684215256,0,0,-0.4841333019887193,1,0,0,-0.5618043993851286,0,1,0,0,0
464,0,3,1,0.6172476450097778,0,0,-0.5042663633645169,1,0,0,-0.5618043993851286,0,1,0,0,0
465,0,2,1,0.39734389544511345,0,0,-0.6462044460638905,1,0,0,-0.5618043993851286,0,1,0,0,0
466,0,1,1,1.936670142397764,0,0,-0.11167166653646252,1,0,0,-0.5618043993851286,0,1,0,0,0
467,0,3,1,0.32404264559022533,0,0,-0.4906765469358535,0,0,1,-0.5618043993851286,0,1,0,0,0
468,1,3,0,-2.0948985996210823,2,1,-0.25847591017036636,0,1,0,1.297168718679559,0,0,0,1,0
469,0,3,1,0.03083764617067286,0,0,-0.5002397510893574,1,0,0,-0.5618043993851286,0,1,0,0,0
470,0,3,1,0.6172476450097778,0,0,-0.4718018018960432,1,0,0,-0.5618043993851286,0,1,0,0,0
471,1,2,0,0.2507413957353372,1,2,-0.08751199288550533,1,0,0,1.297168718679559,0,0,1,0,0
472,1,2,0,-0.48227110281354396,0,0,-0.36853530348730185,0,1,0,-0.5618043993851286,0,0,1,0,0
473,0,3,0,-0.5555723526684321,0,0,-0.448145454779481,1,0,0,-0.5618043993851286,0,0,0,1,0
474,0,1,1,1.0570551441391065,0,0,0.40071474547758795,1,0,0,-0.5618043993851286,0,1,0,0,0
475,0,2,1,0.32404264559022533,1,0,-0.22341015717213955,1,0,0,0.057853306636433906,0,1,0,0,0
476,0,3,1,-0.042463603684215256,1,0,-0.5043509222222953,1,0,0,0.057853306636433906,0,1,0,0,0
477,0,3,1,-0.5555723526684321,0,0,-0.49478771806879135,1,0,0,-0.5618043993851286,0,1,0,0,0
478,1,3,0,-2.0215973497661945,0,1,-0.39881945440877664,1,0,0,0.057853306636433906,0,0,0,1,0
479,0,3,1,-1.5084886007819776,5,2,0.29803613246101984,1,0,0,3.7757995427658093,0,1,0,0,0
480,0,2,1,0.39734389544511345,0,0,-0.6462044460638905,1,0,0,-0.5618043993851286,0,1,0,0,0
481,0,3,1,1.496862643268435,0,0,-0.4841333019887193,1,0,0,-0.5618043993851286,0,1,0,0,0
482,1,3,0,2.449778891381981,0,0,-0.4531787201234304,1,0,0,-0.5618043993851286,0,0,1,0,0
483,1,1,1,-0.3356686031037677,1,0,1.1874986775946599,0,1,0,0.057853306636433906,0,1,0,0,0
484,0,3,0,-1.80169360020153,3,1,-0.13348181192486414,1,0,0,1.9168264247011215,0,0,0,1,0
485,1,1,0,0.39734389544511345,1,0,1.1657710777578991,1,0,0,0.057853306636433906,0,0,1,0,0
486,0,1,1,2.08327264210754,0,0,-0.04825252320269991,0,1,0,-0.5618043993851286,0,1,0,0,0
487,0,3,1,0.03083764617067286,0,0,-0.4841333019887193,1,0,0,-0.5618043993851286,0,1,0,0,0
488,1,3,1,-1.5084886007819776,1,1,-0.32608877018870763,1,0,0,0.6775110126579964,0,1,0,0,0
489,0,3,1,-0.1890661033939915,1,0,-0.24421364949175128,1,0,0,0.057853306636433906,0,1,0,0,0
490,0,3,1,-0.6288736025233201,0,0,-0.5002397510893574,1,0,0,-0.5618043993851286,0,1,0,0,0
491,0,1,1,1.8633688925428757,0,0,-0.032146074102061765,1,0,0,-0.5618043993851286,0,1,0,0,0
492,0,1,1,3.036188890221086,0,0,0.3504666508958721,0,1,0,-0.5618043993851286,0,1,0,0,0
493,0,3,1,-0.6288736025233201,0,0,-0.4841333019887193,1,0,0,-0.5618043993851286,0,1,0,0,0
494,0,3,1,0.10413889602556098,0,0,-0.3551146047741951,0,1,0,-0.5618043993851286,0,1,0,0,0
495,1,1,0,1.7900676426879876,1,0,0.9295438287172524,0,1,0,0.057853306636433906,0,0,0,1,0
496,0,3,1,0.03083764617067286,0,0,-0.3421952192893457,1,0,0,-0.5618043993851286,0,1,0,0,0
497,0,1,0,-0.3356686031037677,1,2,2.404961005438245,1,0,0,1.297168718679559,0,0,1,0,0
498,0,3,1,-0.40896985295865584,0,0,-0.489251126190447,1,0,0,-0.5618043993851286,0,1,0,0,0
499,0,3,1,-0.9220786019428726,0,0,-0.4718018018960432,1,0,0,-0.5618043993851286,0,1,0,0,0
500,0,3,0,-0.6288736025233201,0,0,-0.49017322040145855,0,0,1,-0.5618043993851286,0,0,0,1,0
501,0,3,0,-0.48227110281354396,0,0,-0.4926052942156549,0,0,1,-0.5618043993851286,0,0,0,1,0
502,0,3,0,0.5439463951548896,0,0,-0.4531787201234304,1,0,0,-0.5618043993851286,0,0,0,1,0
503,1,1,0,-0.9953798517977608,0,0,1.0953053629426073,1,0,0,-0.5618043993851286,0,0,0,1,0
504,0,1,1,-0.8487773520879845,1,0,1.546285937760475,0,1,0,0.057853306636433906,0,1,0,0,0
505,1,2,0,0.2507413957353372,0,2,-0.12274485029315124,1,0,0,0.6775110126579964,0,0,1,0,0
506,1,1,1,0.9837538942842183,0,0,-0.11167166653646252,1,0,0,-0.5618043993851286,0,1,0,0,0
507,0,3,1,-0.11576485353910337,0,0,-0.19270723857404815,1,0,0,-0.5618043993851286,0,1,0,0,0
508,1,3,1,-0.2623673532488796,0,0,0.4912289628108992,1,0,0,-0.5618043993851286,0,1,0,0,0
509,1,3,1,-0.042463603684215256,0,0,-0.49017322040145855,0,0,1,-0.5618043993851286,0,1,0,0,0
510,0,3,1,-0.042463603684215256,0,0,-0.4841333019887193,1,0,0,-0.5618043993851286,0,1,0,0,0
511,1,1,1,0.47064514530000157,0,0,-0.1169565951476094,1,0,0,-0.5618043993851286,0,1,0,0,0
512,1,1,0,1.7900676426879876,1,0,0.5496993996584907,0,1,0,0.057853306636433906,0,0,1,0,0
513,0,3,1,-0.40896985295865584,0,0,-0.49529104460318635,1,0,0,-0.5618043993851286,0,1,0,0,0
514,0,1,1,1.2769588937037708,0,0,0.03873840838984667,1,0,0,-0.5618043993851286,0,1,0,0,0
515,1,2,0,0.32404264559022533,0,0,-0.434807301618015,1,0,0,-0.5618043993851286,0,0,1,0,0
516,0,3,1,0.5439463951548896,0,0,-0.15999101383837694,0,0,1,-0.5618043993851286,0,1,0,0,0
517,1,2,0,0.47064514530000157,1,0,-0.12274485029315124,1,0,0,0.057853306636433906,0,0,1,0,0
518,0,3,1,0.1774401458804491,0,0,-0.48723782005286725,1,0,0,-0.5618043993851286,0,1,0,0,0
519,1,1,0,0.03083764617067286,0,0,1.236236792573191,1,0,0,-0.5618043993851286,0,0,0,1,0
520,0,3,1,-0.5555723526684321,0,0,-0.48723782005286725,1,0,0,-0.5618043993851286,0,1,0,0,0
521,0,3,1,-0.042463603684215256,0,0,-0.5007430776237524,0,1,0,-0.5618043993851286,0,1,0,0,0
522,1,1,0,1.0570551441391065,0,1,0.5210943460557573,0,1,0,0.057853306636433906,0,0,1,0,0
523,0,3,1,-0.11576485353910337,0,0,-0.500658518765974,0,1,0,-0.5618043993851286,0,1,0,0,0
524,0,3,1,0.763850144719554,0,0,-0.49017322040145855,0,0,1,-0.5618043993851286,0,1,0,0,0
525,1,2,0,1.496862643268435,0,0,-0.434807301618015,1,0,0,-0.5618043993851286,0,0,0,1,0
526,0,1,1,0.47064514530000157,0,0,3.8188897994114144,1,0,0,-0.5618043993851286,0,1,0,0,0
527,0,3,1,0.6905488948646659,0,0,-0.48664993466069395,1,0,0,-0.5618043993851286,0,1,0,0,0
528,0,2,1,-0.48227110281354396,2,1,-0.41467424024221733,1,0,0,1.297168718679559,0,1,0,0,0
529,1,2,0,-2.0215973497661945,1,1,-0.12274485029315124,1,0,0,0.6775110126579964,0,0,0,1,0
530,0,3,1,-0.11576485353910337,0,0,-0.500658518765974,0,1,0,-0.5618043993851286,0,1,0,0,0
531,0,3,1,-0.9220786019428726,1,1,-0.500658518765974,0,1,0,0.6775110126579964,0,1,0,0,0
532,1,3,0,-0.40896985295865584,0,2,-0.19606341990539358,0,1,0,0.6775110126579964,0,0,1,0,0
533,0,3,0,0.03083764617067286,0,0,-0.4718018018960432,1,0,0,-0.5618043993851286,0,0,0,1,0
534,1,2,0,-1.6550911004917537,0,2,-0.11771158494920184,1,0,0,0.6775110126579964,0,0,0,1,0
535,0,1,1,1.1303563939939947,0,0,-0.11167166653646252,1,0,0,-0.5618043993851286,0,0,0,0,1
536,1,1,0,0.03083764617067286,0,0,1.4964566108553758,0,1,0,-0.5618043993851286,0,0,0,1,0
537,0,3,1,0.10413889602556098,0,0,-0.35427505611482435,1,0,0,-0.5618043993851286,0,1,0,0,0
538,1,1,0,-0.5555723526684321,0,2,0.3503820920380938,0,1,0,0.6775110126579964,0,0,0,1,0
539,1,1,0,0.47064514530000157,0,2,0.7832429116177435,1,0,0,0.6775110126579964,0,0,0,1,0
540,0,3,0,-1.5084886007819776,4,2,-0.016542951535818605,1,0,0,3.1561418367442466,0,0,0,1,0
541,0,3,0,-1.3618861010722014,4,2,-0.016542951535818605,1,0,0,3.1561418367442466,0,0,0,1,0
542,1,2,1,0.1774401458804491,1,0,-0.12274485029315124,1,0,0,0.057853306636433906,0,1,0,0,0
543,0,1,1,1.496862643268435,1,0,1.4964566108553758,0,1,0,0.057853306636433906,0,1,0,0,0
544,0,1,1,2.523080141236869,0,0,-0.12274485029315124,1,0,0,-0.5618043993851286,0,1,0,0,0
545,1,2,0,-0.7754761022330964,1,0,-0.12274485029315124,1,0,0,0.057853306636433906,0,0,1,0,0
546,1,2,1,-0.1890661033939915,0,0,-0.3671098827418954,0,1,0,-0.5618043993851286,0,1,0,0,0
547,0,3,1,0.2507413957353372,1,1,-0.23297336132564347,1,0,0,0.6775110126579964,0,1,0,0,0
548,1,2,1,-1.5817898506368657,1,1,0.09368555949667362,1,0,0,0.6775110126579964,0,1,0,0,0
549,1,1,1,-0.9220786019428726,0,2,1.5862158383870948,0,1,0,0.6775110126579964,0,1,0,0,0
550,0,2,1,-0.1890661033939915,0,0,-0.12274485029315124,1,0,0,-0.5618043993851286,0,1,0,0,0
551,0,3,1,0.5439463951548896,0,0,-0.4885786819404954,0,0,1,-0.5618043993851286,0,1,0,0,0
552,1,3,1,-0.5555723526684321,0,0,-0.5007430776237524,0,1,0,-0.5618043993851286,0,1,0,0,0
553,1,3,0,-0.5555723526684321,0,0,-0.48966989386706367,1,0,0,-0.5618043993851286,0,0,0,1,0
554,0,1,1,2.3764776415270927,0,0,-0.11167166653646252,1,0,0,-0.5618043993851286,0,1,0,0,0
555,1,1,0,1.350260143558659,1,0,0.151064784417697,0,1,0,0.057853306636433906,1,0,0,0,0
556,0,1,1,0.32404264559022533,0,0,3.9345703434644728,0,1,0,-0.5618043993851286,0,1,0,0,0
557,1,1,0,0.6905488948646659,1,1,0.9573938925183935,1,0,0,0.6775110126579964,0,0,1,0,0
558,1,3,0,0.47064514530000157,1,0,-0.29588917812501114,1,0,0,0.057853306636433906,0,0,1,0,0
559,0,3,1,0.6905488948646659,0,0,-0.49017322040145855,0,0,1,-0.5618043993851286,0,1,0,0,0
560,0,3,1,0.763850144719554,0,0,-0.48723782005286725,1,0,0,-0.5618043993851286,0,1,0,0,0
561,0,2,1,-0.11576485353910337,0,0,-0.374408117490622,1,0,0,-0.5618043993851286,0,1,0,0,0
562,0,3,1,-0.042463603684215256,0,0,-0.4841333019887193,1,0,0,-0.5618043993851286,0,1,0,0,0
563,0,3,0,-0.2623673532488796,0,0,-0.4841333019887193,1,0,0,-0.5618043993851286,0,0,0,1,0
564,0,3,1,-0.40896985295865584,2,0,-0.15999101383837694,1,0,0,0.6775110126579964,0,1,0,0,0
565,0,3,1,-0.7754761022330964,0,0,-0.48723782005286725,1,0,0,-0.5618043993851286,0,1,0,0,0
566,0,3,0,-0.042463603684215256,0,4,-0.22190017756895475,1,0,0,1.9168264247011215,0,0,1,0,0
567,0,3,1,-0.11576485353910337,0,0,-0.500658518765974,0,1,0,-0.5618043993851286,0,1,0,0,0
568,1,3,1,0.1774401458804491,0,0,-0.4880753554061005,1,0,0,-0.5618043993851286,0,1,0,0,0
569,1,2,1,2.3764776415270927,0,0,-0.434807301618015,1,0,0,-0.5618043993851286,0,1,0,0,0
570,1,1,0,1.7167663928330994,2,0,0.3902294471130725,1,0,0,0.6775110126579964,0,0,1,0,0
571,1,1,1,0.47064514530000157,0,0,-0.11494328901002966,1,0,0,-0.5618043993851286,0,1,0,0,0
572,1,3,0,-0.7021748523782083,0,0,-0.49017322040145855,0,0,1,-0.5618043993851286,0,0,0,1,0
573,0,3,1,-0.9953798517977608,0,0,-0.4841333019887193,1,0,0,-0.5618043993851286,0,1,0,0,0
574,0,3,1,-0.7754761022330964,0,0,-0.35427505611482435,1,0,0,-0.5618043993851286,0,1,0,0,0
575,1,2,0,0.32404264559022533,0,0,-0.38447464817852084,1,0,0,-0.5618043993851286,0,0,0,1,0
576,1,1,0,0.6905488948646659,1,0,0.47923368484319884,1,0,0,0.057853306636433906,0,0,1,0,0
577,0,3,0,-0.1890661033939915,1,0,-0.3551146047741951,0,1,0,0.057853306636433906,0,0,1,0,0
578,1,3,1,0.1774401458804491,0,0,-0.48664993466069395,1,0,0,-0.5618043993851286,0,1,0,0,0
579,1,2,0,-0.3356686031037677,1,1,-0.0422126047899606,1,0,0,0.6775110126579964,0,0,0,1,0
580,1,1,0,0.6905488948646659,1,1,1.5862158383870948,0,1,0,0.6775110126579964,0,0,1,0,0
581,0,2,1,1.7900676426879876,0,0,-0.12274485029315124,1,0,0,-0.5618043993851286,0,1,0,0,0
582,0,1,1,0.47064514530000157,0,0,0.16163464163999072,0,1,0,-0.5618043993851286,0,1,0,0,0
583,0,3,1,-0.042463603684215256,0,0,-0.4707951488272534,0,1,0,-0.5618043993851286,0,1,0,0,0
584,1,1,0,-0.8487773520879845,0,2,0.9573938925183935,1,0,0,0.6775110126579964,0,0,0,1,0
585,0,2,1,1.2769588937037708,0,0,-0.34420852542692554,1,0,0,-0.5618043993851286,0,1,0,0,0
586,1,1,1,2.2298751418173164,1,1,0.9483340148992845,0,1,0,0.6775110126579964,0,1,0,0,0
587,0,3,1,-0.5555723526684321,0,0,-0.4841333019887193,1,0,0,-0.5618043993851286,0,1,0,0,0
588,0,3,1,-0.042463603684215256,0,0,-0.4841333019887193,1,0,0,-0.5618043993851286,0,1,0,0,0
589,0,3,1,0.39734389544511345,0,0,-0.5027563837613321,1,0,0,-0.5618043993851286,0,1,0,0,0
590,1,1,0,1.6434651429782114,1,0,0.9295438287172524,0,1,0,0.057853306636433906,0,0,1,0,0
591,0,3,1,1.2769588937037708,0,0,-0.5002397510893574,1,0,0,-0.5618043993851286,0,1,0,0,0
592,0,3,0,-0.9220786019428726,0,2,-0.49017322040145855,0,0,1,0.6775110126579964,0,0,0,1,0
593,0,2,1,0.5439463951548896,1,0,-0.12274485029315124,1,0,0,0.057853306636433906,0,1,0,0,0
594,0,3,1,0.47064514530000157,1,1,-0.15999101383837694,1,0,0,0.6775110126579964,0,1,0,0,0
595,1,2,0,-0.3356686031037677,0,0,0.01818657933743239,1,0,0,-0.5618043993851286,0,0,0,1,0
596,0,3,1,1.4235613934135471,0,0,-0.6462044460638905,1,0,0,-0.5618043993851286,0,1,0,0,0
597,0,3,1,-0.042463603684215256,0,0,-0.5007430776237524,0,1,0,-0.5618043993851286,0,1,0,0,0
598,1,1,1,1.4235613934135471,1,0,0.4999546316111698,0,1,0,0.057853306636433906,1,0,0,0,0
599,1,2,0,-0.40896985295865584,2,1,-0.10261178891735358,1,0,0,1.297168718679559,0,0,1,0,0
600,0,3,1,-0.042463603684215256,0,0,-0.48723782005286725,1,0,0,-0.5618043993851286,0,1,0,0,0
601,0,1,1,1.0570551441391065,0,0,0.20743735626993037,1,0,0,-0.5618043993851286,0,1,0,0,0
602,0,3,1,1.0570551441391065,0,0,-0.4841333019887193,1,0,0,-0.5618043993851286,0,1,0,0,0
603,1,1,1,0.39734389544511345,0,0,-0.11167166653646252,0,1,0,-0.5618043993851286,0,1,0,0,0
604,0,3,1,0.47064514530000157,1,0,-0.3331353416702368,1,0,0,0.057853306636433906,0,1,0,0,0
605,0,3,1,0.03083764617067286,0,0,-0.48723782005286725,1,0,0,-0.5618043993851286,0,1,0,0,0
606,1,1,1,-0.1890661033939915,0,0,-0.032146074102061765,1,0,0,-0.5618043993851286,0,1,0,0,0
607,1,2,0,-0.5555723526684321,1,2,0.1909121394926757,0,1,0,1.297168718679559,0,0,1,0,0
608,1,1,0,0.763850144719554,0,0,2.443465485319458,1,0,0,-0.5618043993851286,0,0,0,1,0
609,0,3,0,0.6905488948646659,1,5,-0.016542951535818605,1,0,0,3.1561418367442466,0,0,1,0,0
610,0,3,1,0.03083764617067286,0,0,-0.5042663633645169,1,0,0,-0.5618043993851286,0,1,0,0,0
611,1,3,0,-0.8487773520879845,1,0,-0.33414199473902667,0,0,1,0.057853306636433906,0,0,0,1,0
612,0,3,1,0.6905488948646659,0,0,-0.49017322040145855,0,0,1,-0.5618043993851286,0,1,0,0,0
613,0,3,1,0.39734389544511345,0,0,-0.4841333019887193,1,0,0,-0.5618043993851286,0,1,0,0,0
614,1,2,0,-0.40896985295865584,1,2,0.6624445433629575,1,0,0,1.297168718679559,0,0,0,1,0
615,0,3,1,0.32404264559022533,1,1,-0.3562883622524042,1,0,0,0.6775110126579964,0,1,0,0,0
616,0,3,0,-0.2623673532488796,1,0,-0.3220621579135481,1,0,0,0.057853306636433906,0,0,1,0,0
617,1,2,0,-1.8749948500564182,2,1,0.13898494759221836,1,0,0,1.297168718679559,0,0,0,1,0
618,0,2,1,-0.2623673532488796,0,0,-0.434807301618015,1,0,0,-0.5618043993851286,0,1,0,0,0
619,0,3,1,-0.1890661033939915,1,0,-0.3551971503258359,0,1,0,0.057853306636433906,0,1,0,0,0
620,1,1,1,0.9104526444293303,1,0,0.41187248809205507,1,0,0,0.057853306636433906,0,1,0,0,0
621,1,3,1,-0.7021748523782083,1,1,-0.3292758338044964,0,1,0,0.6775110126579964,0,1,0,0,0
622,0,3,1,-0.6288736025233201,0,0,-0.4880753554061005,1,0,0,-0.5618043993851286,0,1,0,0,0
623,0,3,1,-0.6288736025233201,0,0,-0.3220621579135481,1,0,0,-0.5618043993851286,0,1,0,0,0
624,0,1,1,2.3031763916722046,0,0,0.004512204050990585,1,0,0,-0.5618043993851286,0,1,0,0,0
625,0,2,1,2.009971392252652,0,0,-0.3975611380727893,0,0,1,-0.5618043993851286,0,0,0,0,1
626,1,1,0,-0.6288736025233201,0,0,0.9233347925889563,1,0,0,-0.5618043993851286,0,0,0,1,0
627,0,3,1,-0.2623673532488796,0,0,-0.48723782005286725,1,0,0,-0.5618043993851286,0,1,0,0,0
628,0,3,1,0.32404264559022533,0,0,-0.4905094425264344,0,0,1,-0.5618043993851286,0,1,0,0,0
629,1,1,1,3.695900138915079,0,0,-0.0422126047899606,1,0,0,-0.5618043993851286,0,1,0,0,0
630,0,3,1,1.5701638931233233,0,0,-0.5041818045067386,1,0,0,-0.5618043993851286,0,1,0,0,0
631,1,1,1,0.1774401458804491,0,0,-0.032146074102061765,0,1,0,-0.5618043993851286,1,0,0,0,0
632,0,1,1,0.9837538942842183,0,0,-0.6462044460638905,1,0,0,-0.5618043993851286,0,1,0,0,0
633,0,3,0,-1.5084886007819776,3,2,-0.08449203367913571,1,0,0,2.536484130722684,0,0,0,1,0
634,1,2,0,-0.11576485353910337,0,0,-0.38447464817852084,1,0,0,-0.5618043993851286,0,0,0,1,0
635,0,3,1,0.1774401458804491,0,0,-0.48664993466069395,1,0,0,-0.5618043993851286,0,1,0,0,0
636,0,2,1,0.10413889602556098,1,1,-0.11771158494920184,1,0,0,0.6775110126579964,0,1,0,0,0
637,0,3,0,0.8371513945744421,0,5,0.15282642728807924,1,0,0,2.536484130722684,0,0,1,0,0
638,0,3,1,-0.1890661033939915,1,0,-0.3220621579135481,1,0,0,0.057853306636433906,0,1,0,0,0
639,0,3,1,-0.7021748523782083,0,0,-0.4880753554061005,1,0,0,-0.5618043993851286,0,1,0,0,0
640,1,1,0,-0.40896985295865584,0,0,0.7490167072788875,0,1,0,-0.5618043993851286,0,0,0,1,0
641,0,3,0,-2.0215973497661945,3,2,-0.08449203367913571,1,0,0,2.536484130722684,0,0,0,1,0
642,1,3,1,-0.1890661033939915,0,0,0.4912289628108992,1,0,0,-0.5618043993851286,0,1,0,0,0
643,1,3,0,-2.0948985996210823,2,1,-0.25847591017036636,0,1,0,1.297168718679559,0,0,0,1,0
644,1,1,1,1.350260143558659,1,0,0.8985892468519636,0,1,0,0.057853306636433906,0,1,0,0,0
645,0,3,1,-0.7754761022330964,0,0,-0.48723782005286725,1,0,0,-0.5618043993851286,0,1,0,0,0
646,1,1,1,1.936670142397764,0,0,0.06851923277692655,0,1,0,-0.5618043993851286,1,0,0,0,0
647,0,3,1,0.03083764617067286,0,0,-0.4941998326766181,1,0,0,-0.5618043993851286,0,1,0,0,0
648,1,3,0,-0.48227110281354396,0,0,-0.4941998326766181,1,0,0,-0.5618043993851286,0,0,0,1,0
649,0,3,1,-0.042463603684215256,0,0,-0.48723782005286725,1,0,0,-0.5618043993851286,0,1,0,0,0
650,1,2,0,-0.8487773520879845,0,1,-0.18314403442054422,1,0,0,0.057853306636433906,0,0,0,1,0
651,0,3,1,-0.6288736025233201,0,0,-0.47641629956337606,1,0,0,-0.5618043993851286,0,1,0,0,0
652,1,3,0,-0.7754761022330964,0,0,-0.4885786819404954,0,0,1,-0.5618043993851286,0,0,0,1,0
653,0,3,0,-0.8487773520879845,0,0,-0.5103062817772562,0,0,1,-0.5618043993851286,0,0,0,1,0
654,0,2,1,-0.40896985295865584,2,0,0.8335755650572377,1,0,0,0.6775110126579964,0,1,0,0,0
655,0,3,1,-0.042463603684215256,0,0,-0.48723782005286725,1,0,0,-0.5618043993851286,0,1,0,0,0
656,0,3,0,0.1774401458804491,1,1,-0.33414199473902667,0,0,1,0.6775110126579964,0,0,1,0,0
657,0,2,1,-0.48227110281354396,0,0,-0.38447464817852084,1,0,0,-0.5618043993851286,0,1,0,0,0
658,0,1,1,2.08327264210754,0,2,1.6343680812795898,0,1,0,0.6775110126579964,0,1,0,0,0
659,1,1,1,1.496862643268435,2,0,2.044579206811467,1,0,0,0.6775110126579964,1,0,0,0,0
660,0,3,1,0.763850144719554,0,0,-0.5007430776237524,0,1,0,-0.5618043993851286,0,1,0,0,0
661,0,1,1,1.2769588937037708,0,0,-0.1310497381106678,1,0,0,-0.5618043993851286,0,1,0,0,0
662,0,3,1,0.47064514530000157,0,0,-0.49529104460318635,1,0,0,-0.5618043993851286,0,1,0,0,0
663,1,3,1,-0.7021748523782083,1,0,-0.48664993466069395,1,0,0,0.057853306636433906,0,1,0,0,0
664,0,2,1,0.1774401458804491,2,0,0.8335755650572377,1,0,0,0.6775110126579964,0,1,0,0,0
665,0,2,1,-0.3356686031037677,0,0,-0.38447464817852084,1,0,0,-0.5618043993851286,0,1,0,0,0
666,0,3,1,-0.042463603684215256,0,0,-0.48966989386706367,1,0,0,-0.5618043993851286,0,1,0,0,0
667,0,3,1,0.9837538942842183,0,0,-0.4841333019887193,1,0,0,-0.5618043993851286,0,1,0,0,0
668,1,1,0,0.6172476450097778,1,0,0.40071474547758795,1,0,0,0.057853306636433906,0,0,1,0,0
669,1,2,0,0.763850144719554,1,1,0.13898494759221836,1,0,0,0.6775110126579964,0,0,1,0,0
670,0,1,1,0.10413889602556098,1,0,0.40071474547758795,1,0,0,0.057853306636433906,0,1,0,0,0
671,0,2,1,2.9628876403661977,0,0,-0.434807301618015,1,0,0,-0.5618043993851286,0,1,0,0,0
672,1,2,1,0.10413889602556098,0,0,-0.38447464817852084,1,0,0,-0.5618043993851286,0,1,0,0,0
673,0,2,1,0.39734389544511345,0,0,-0.6462044460638905,1,0,0,-0.5618043993851286,0,1,0,0,0
674,0,3,1,-0.8487773520879845,0,0,-0.48966989386706367,1,0,0,-0.5618043993851286,0,1,0,0,0
675,0,3,1,-0.40896985295865584,0,0,-0.4841333019887193,1,0,0,-0.5618043993851286,0,1,0,0,0
676,1,3,0,-0.8487773520879845,0,0,-0.4480608959217026,1,0,0,-0.5618043993851286,0,0,0,1,0
677,0,3,0,0.9837538942842183,1,6,0.29803613246101984,1,0,0,3.7757995427658093,0,0,1,0,0
678,1,1,1,0.47064514530000157,0,1,9.668550782149426,0,1,0,0.057853306636433906,0,1,0,0,0
679,0,3,0,-0.3356686031037677,0,0,-0.482371659118337,0,0,1,-0.5618043993851286,0,0,0,1,0
680,1,1,1,-0.1890661033939915,0,0,0.8985892468519636,0,1,0,-0.5618043993851286,0,1,0,0,0
681,0,3,1,-0.7021748523782083,0,0,-0.460476954872157,1,0,0,-0.5618043993851286,0,1,0,0,0
682,0,3,1,-1.141982351507537,5,2,0.29803613246101984,1,0,0,3.7757995427658093,0,1,0,0,0
683,0,2,1,2.2298751418173164,1,1,0.13898494759221836,1,0,0,0.6775110126579964,0,1,0,0,0
684,0,2,1,-0.3356686031037677,1,2,0.1909121394926757,0,1,0,1.297168718679559,0,1,0,0,0
685,0,3,1,-1.141982351507537,4,1,0.15282642728807924,1,0,0,2.536484130722684,0,1,0,0,0
686,0,3,1,-0.7754761022330964,0,0,-0.4414351054229276,1,0,0,-0.5618043993851286,0,1,0,0,0
687,0,3,1,-0.8487773520879845,0,0,-0.489251126190447,1,0,0,-0.5618043993851286,0,1,0,0,0
688,1,1,0,-1.068681101652649,0,1,3.608666412443748,1,0,0,0.057853306636433906,0,0,0,1,0
689,1,1,1,0.10413889602556098,1,0,0.5013800523565762,1,0,0,0.057853306636433906,0,1,0,0,0
690,1,3,0,-1.8749948500564182,0,1,-0.376085201503226,0,1,0,0.057853306636433906,0,0,0,1,0
691,1,3,1,-0.1890661033939915,0,0,0.4912289628108992,1,0,0,-0.5618043993851286,0,1,0,0,0
692,0,3,1,-0.3356686031037677,0,0,-0.5007430776237524,0,1,0,-0.5618043993851286,0,1,0,0,0
693,0,1,1,2.2298751418173164,0,0,-0.11167166653646252,1,0,0,-0.5618043993851286,1,0,0,0,0
694,0,2,1,1.6434651429782114,0,0,-0.374408117490622,1,0,0,-0.5618043993851286,0,1,0,0,0
695,0,3,1,1.0570551441391065,0,0,-0.4841333019887193,1,0,0,-0.5618043993851286,0,1,0,0,0
696,1,3,0,-0.9220786019428726,0,0,-0.4905094425264344,0,0,1,-0.5618043993851286,0,0,0,1,0
697,0,1,1,1.4235613934135471,1,1,1.5862158383870948,0,1,0,0.6775110126579964,0,1,0,0,0
698,0,3,1,0.9104526444293303,0,0,-0.4921865265390384,1,0,0,-0.5618043993851286,0,1,0,0,0
699,1,1,0,-0.8487773520879845,1,0,3.9345703434644728,0,1,0,0.057853306636433906,0,0,1,0,0
700,1,1,1,0.39734389544511345,0,0,-0.1169565951476094,1,0,0,-0.5618043993851286,0,1,0,0,0
701,0,3,0,-0.8487773520879845,0,1,-0.3551971503258359,0,1,0,0.057853306636433906,0,0,0,1,0
702,0,3,1,-0.3356686031037677,0,0,-0.49034032481087764,0,0,1,-0.5618043993851286,0,1,0,0,0
703,0,3,1,-0.2623673532488796,1,0,-0.4880753554061005,1,0,0,0.057853306636433906,0,1,0,0,0
704,0,2,1,0.6905488948646659,0,0,-0.12274485029315124,1,0,0,-0.5618043993851286,0,1,0,0,0
705,1,2,0,1.1303563939939947,0,0,-0.374408117490622,1,0,0,-0.5618043993851286,0,0,1,0,0
706,1,1,1,0.9104526444293303,0,0,-0.1169565951476094,1,0,0,-0.5618043993851286,0,1,0,0,0
707,1,1,0,-0.5555723526684321,0,0,2.404961005438245,1,0,0,-0.5618043993851286,0,0,0,1,0
708,1,3,1,-1.5817898506368657,1,1,-0.33925981894075447,0,1,0,0.6775110126579964,0,1,0,0,0
709,1,1,0,-0.40896985295865584,0,0,0.3504666508958721,0,1,0,-0.5618043993851286,0,0,0,1,0
710,0,1,1,1.496862643268435,0,0,-0.11167166653646252,1,0,0,-0.5618043993851286,0,1,0,0,0
711,1,1,1,1.350260143558659,1,0,0.40071474547758795,1,0,0,0.057853306636433906,0,1,0,0,0
712,0,3,1,-0.042463603684215256,0,0,-0.4552765851187885,1,0,0,-0.5618043993851286,0,1,0,0,0
713,0,2,1,1.6434651429782114,0,0,-0.38447464817852084,1,0,0,-0.5618043993851286,0,1,0,0,0
714,0,3,1,-0.7754761022330964,0,0,-0.4921865265390384,1,0,0,-0.5618043993851286,0,1,0,0,0
715,1,1,0,0.6172476450097778,0,0,3.9345703434644728,0,1,0,-0.5618043993851286,0,0,0,1,0
716,1,2,0,-0.1890661033939915,0,0,-0.434807301618015,1,0,0,-0.5618043993851286,0,0,0,1,0
717,0,3,1,0.5439463951548896,0,0,-0.33414199473902667,0,0,1,-0.5618043993851286,0,1,0,0,0
718,0,3,1,0.2507413957353372,0,0,-0.48966989386706367,1,0,0,-0.5618043993851286,0,1,0,0,0
719,1,2,0,-1.7283923503466418,0,1,0.01818657933743239,1,0,0,0.057853306636433906,0,0,0,1,0
720,0,3,1,-0.9220786019428726,1,0,-0.5041818045067386,1,0,0,0.057853306636433906,0,1,0,0,0
721,0,2,1,0.32404264559022533,0,0,-0.38447464817852084,1,0,0,-0.5618043993851286,0,1,0,0,0
722,0,2,1,1.496862643268435,0,0,-0.38447464817852084,1,0,0,-0.5618043993851286,0,1,0,0,0
723,1,1,1,-0.1890661033939915,1,0,0.4228611129909654,1,0,0,0.057853306636433906,0,1,0,0,0
724,0,3,1,-0.7021748523782083,0,0,-0.4718018018960432,1,0,0,-0.5618043993851286,0,1,0,0,0
725,1,2,0,0.03083764617067286,3,0,-0.22341015717213955,1,0,0,1.297168718679559,0,0,1,0,0
726,1,3,0,-0.9220786019428726,0,0,-0.49042488366865605,0,0,1,-0.5618043993851286,0,0,0,1,0
727,0,2,1,-0.3356686031037677,1,0,-0.12274485029315124,1,0,0,0.057853306636433906,0,1,0,0,0
728,0,3,0,-0.3356686031037677,1,0,-0.48664993466069395,1,0,0,0.057853306636433906,0,0,0,1,0
729,1,1,0,-0.042463603684215256,0,0,3.608666412443748,1,0,0,-0.5618043993851286,0,0,0,1,0
730,0,3,1,-1.3618861010722014,0,0,-0.26795455546609187,0,1,0,-0.5618043993851286,0,1,0,0,0
731,0,2,1,0.39734389544511345,0,0,-0.6462044460638905,1,0,0,-0.5618043993851286,0,1,0,0,0
732,0,2,1,-0.48227110281354396,0,0,-0.38447464817852084,1,0,0,-0.5618043993851286,0,1,0,0,0
733,0,2,1,-0.48227110281354396,0,0,-0.38447464817852084,1,0,0,-0.5618043993851286,0,1,0,0,0
734,0,3,1,-0.11576485353910337,0,0,-0.3220621579135481,1,0,0,-0.5618043993851286,0,1,0,0,0
735,0,3,0,1.350260143558659,1,3,0.045869538729154176,1,0,0,1.9168264247011215,0,0,1,0,0
736,1,1,1,0.39734389544511345,0,0,9.668550782149426,0,1,0,-0.5618043993851286,0,1,0,0,0
737,0,3,1,-0.042463603684215256,0,0,-0.48723782005286725,1,0,0,-0.5618043993851286,0,1,0,0,0
738,0,3,1,-0.042463603684215256,0,0,-0.48723782005286725,1,0,0,-0.5618043993851286,0,1,0,0,0
739,1,1,1,0.9837538942842183,0,0,-0.0422126047899606,1,0,0,-0.5618043993851286,0,1,0,0,0
740,0,1,1,0.47064514530000157,1,0,0.941287443417755,1,0,0,0.057853306636433906,0,1,0,0,0
741,1,1,0,-0.6288736025233201,2,2,4.636207532411021,0,1,0,1.9168264247011215,0,0,0,1,0
742,0,3,1,-0.40896985295865584,1,0,-0.3220621579135481,1,0,0,0.057853306636433906,0,1,0,0,0
743,1,3,1,0.10413889602556098,0,0,-0.48664993466069395,1,0,0,-0.5618043993851286,0,1,0,0,0
744,0,1,1,2.9628876403661977,1,1,0.7832429116177435,1,0,0,0.6775110126579964,1,0,0,0,0
745,0,3,1,-0.9953798517977608,1,1,-0.2385099532039878,1,0,0,0.6775110126579964,0,1,0,0,0
746,1,2,0,0.03083764617067286,0,0,-0.38447464817852084,1,0,0,-0.5618043993851286,0,0,0,1,0
747,0,1,1,-0.7754761022330964,1,0,0.4228611129909654,1,0,0,0.057853306636433906,0,1,0,0,0
748,0,3,1,0.10413889602556098,0,0,-0.49017322040145855,0,0,1,-0.5618043993851286,0,1,0,0,0
749,1,2,0,-1.8749948500564182,1,1,-0.18314403442054422,1,0,0,0.6775110126579964,0,0,0,1,0
750,1,3,1,-1.7283923503466418,0,1,-0.3950445054008146,1,0,0,0.057853306636433906,0,1,0,0,0
751,0,3,1,0.2507413957353372,0,0,-0.4549403629938127,1,0,0,-0.5618043993851286,0,1,0,0,0
752,0,3,1,-0.48227110281354396,0,0,-0.48723782005286725,1,0,0,-0.5618043993851286,0,1,0,0,0
753,1,2,0,1.350260143558659,1,2,0.6624445433629575,1,0,0,1.297168718679559,0,0,1,0,0
754,1,2,1,-2.0948985996210823,1,1,-0.35427505611482435,1,0,0,0.6775110126579964,0,1,0,0,0
755,0,3,1,-0.11576485353910337,0,0,-0.489251126190447,1,0,0,-0.5618043993851286,0,1,0,0,0
756,0,2,1,-0.8487773520879845,0,0,-0.41467424024221733,1,0,0,-0.5618043993851286,0,1,0,0,0
757,0,3,1,0.32404264559022533,0,0,-0.4841333019887193,1,0,0,-0.5618043993851286,0,1,0,0,0
758,1,1,0,0.2507413957353372,0,0,1.0953053629426073,1,0,0,-0.5618043993851286,0,0,0,0,1
759,0,3,1,0.10413889602556098,0,0,-0.35427505611482435,1,0,0,-0.5618043993851286,0,1,0,0,0
760,0,3,1,0.8371513945744421,0,0,-0.5027563837613321,1,0,0,-0.5618043993851286,0,1,0,0,0
761,1,3,1,-0.7021748523782083,0,0,-0.500658518765974,0,1,0,-0.5618043993851286,0,1,0,0,0
762,1,1,0,0.47064514530000157,1,2,1.769762919031829,1,0,0,1.297168718679559,0,0,1,0,0
763,0,3,1,-0.9953798517977608,0,0,-0.48966989386706367,1,0,0,-0.5618043993851286,0,1,0,0,0
764,1,1,0,1.5701638931233233,1,0,0.9233347925889563,1,0,0,0.057853306636433906,0,0,1,0,0
765,0,1,1,1.5701638931233233,0,0,0.151064784417697,0,1,0,-0.5618043993851286,1,0,0,0,0
766,0,3,0,0.03083764617067286,0,0,-0.49017322040145855,0,0,1,-0.5618043993851286,0,0,0,1,0
767,0,3,1,0.32404264559022533,1,0,-0.15999101383837694,0,0,1,0.057853306636433906,0,1,0,0,0
768,0,3,1,0.1774401458804491,0,0,-0.47784172030878247,1,0,0,-0.5618043993851286,0,1,0,0,0
769,0,3,1,-0.40896985295865584,0,0,-0.4549403629938127,1,0,0,-0.5618043993851286,0,1,0,0,0
770,0,3,1,1.350260143558659,0,0,-0.4880753554061005,1,0,0,-0.5618043993851286,0,1,0,0,0
771,0,2,0,2.009971392252652,0,0,-0.434807301618015,1,0,0,-0.5618043993851286,0,0,1,0,0
772,0,3,1,-0.042463603684215256,0,0,-0.5007430776237524,0,1,0,-0.5618043993851286,0,1,0,0,0
773,1,2,0,1.7900676426879876,1,3,-0.18314403442054422,1,0,0,1.9168264247011215,0,0,1,0,0
774,0,3,1,-0.8487773520879845,0,0,-0.49017322040145855,1,0,0,-0.5618043993851286,0,1,0,0,0
775,0,3,1,0.6905488948646659,0,0,-0.49017322040145855,0,0,1,-0.5618043993851286,0,1,0,0,0
776,1,3,0,-1.80169360020153,0,0,-0.3950445054008146,1,0,0,-0.5618043993851286,0,0,0,1,0
777,0,3,1,0.32404264559022533,0,0,-0.49042488366865605,0,0,1,-0.5618043993851286,0,1,0,0,0
778,1,1,0,0.9837538942842183,0,1,3.608666412443748,1,0,0,0.057853306636433906,0,0,1,0,0
779,1,3,0,-1.215283601362425,0,0,-0.500658518765974,0,1,0,-0.5618043993851286,0,0,0,1,0
780,1,1,0,-0.9220786019428726,1,0,0.5013800523565762,1,0,0,0.057853306636433906,0,0,1,0,0
781,0,1,1,-0.042463603684215256,0,0,-0.0422126047899606,1,0,0,-0.5618043993851286,0,1,0,0,0
782,0,3,1,-0.1890661033939915,1,2,-0.1740841568014353,1,0,0,1.297168718679559,0,1,0,0,0
783,0,3,1,-0.3356686031037677,0,0,-0.5042663633645169,1,0,0,-0.5618043993851286,0,1,0,0,0
784,0,3,1,-0.3356686031037677,0,0,-0.5002397510893574,1,0,0,-0.5618043993851286,0,1,0,0,0
785,1,3,0,-0.8487773520879845,0,0,-0.49529104460318635,1,0,0,-0.5618043993851286,0,0,0,1,0
786,0,3,1,-1.5817898506368657,4,1,-0.05982903349378355,0,0,1,2.536484130722684,0,1,0,0,0
787,1,3,1,-2.0948985996210823,1,2,-0.2319667082568536,1,0,0,1.297168718679559,0,1,0,0,0
788,0,1,1,1.2036576438488826,0,0,0.9483340148992845,0,1,0,-0.5618043993851286,0,1,0,0,0
789,0,3,1,0.6905488948646659,0,0,-0.49017322040145855,0,0,1,-0.5618043993851286,0,1,0,0,0
790,0,2,1,-0.9953798517977608,0,0,-0.12274485029315124,1,0,0,-0.5618043993851286,0,1,0,0,0
791,0,3,0,-1.141982351507537,8,2,0.7540499726228369,1,0,0,5.634772660830497,0,0,0,1,0
792,0,1,1,1.350260143558659,0,0,-0.028204020684680614,0,1,0,-0.5618043993851286,0,1,0,0,0
793,0,3,1,-0.3356686031037677,0,0,-0.48723782005286725,1,0,0,-0.5618043993851286,0,1,0,0,0
794,0,2,1,0.6905488948646659,0,0,-0.38447464817852084,1,0,0,-0.5618043993851286,0,1,0,0,0
795,1,1,0,1.4235613934135471,0,0,-0.12417027103855768,1,0,0,-0.5618043993851286,1,0,0,0,0
796,1,3,0,0.10413889602556098,0,0,-0.4713830342194266,1,0,0,-0.5618043993851286,0,0,1,0,0
797,0,3,1,0.03083764617067286,0,0,-0.500658518765974,0,1,0,-0.5618043993851286,0,1,0,0,0
798,0,3,0,0.03083764617067286,1,1,-0.15999101383837694,1,0,0,0.6775110126579964,0,0,1,0,0
799,0,2,1,0.32404264559022533,0,0,-0.38447464817852084,1,0,0,-0.5618043993851286,0,1,0,0,0
800,1,2,0,0.10413889602556098,1,1,-0.11771158494920184,1,0,0,0.6775110126579964,0,0,1,0,0
801,1,1,1,-1.3618861010722014,1,2,1.769762919031829,1,0,0,1.297168718679559,0,1,0,0,0
802,1,3,1,-2.1681998494759704,0,1,-0.4747372022446345,0,1,0,0.057853306636433906,0,1,0,0,0
803,1,3,1,-0.1890661033939915,0,0,-0.5057763429677017,1,0,0,-0.5618043993851286,0,1,0,0,0
804,0,3,1,0.10413889602556098,0,0,-0.48966989386706367,1,0,0,-0.5618043993851286,0,1,0,0,0
805,0,1,1,0.6905488948646659,0,0,-0.6462044460638905,1,0,0,-0.5618043993851286,0,1,0,0,0
806,0,3,0,-0.8487773520879845,0,0,-0.48966989386706367,1,0,0,-0.5618043993851286,0,0,0,1,0
807,0,2,1,0.6905488948646659,0,0,-0.38447464817852084,1,0,0,-0.5618043993851286,0,1,0,0,0
808,1,1,0,0.2507413957353372,1,0,0.4228611129909654,1,0,0,0.057853306636433906,0,0,1,0,0
809,0,3,1,-0.2623673532488796,0,0,-0.4874049244622864,1,0,0,-0.5618043993851286,0,1,0,0,0
810,0,3,1,0.6905488948646659,0,0,-0.15999101383837694,1,0,0,-0.5618043993851286,0,1,0,0,0
811,0,2,1,0.39734389544511345,0,0,-0.434807301618015,1,0,0,-0.5618043993851286,0,1,0,0,0
812,0,3,0,-1.7283923503466418,4,2,-0.016542951535818605,1,0,0,3.1561418367442466,0,0,0,1,0
813,0,3,1,0.03083764617067286,0,0,-0.4841333019887193,1,0,0,-0.5618043993851286,0,1,0,0,0
814,0,1,1,0.9837538942842183,0,0,-0.6462044460638905,1,0,0,-0.5618043993851286,0,1,0,0,0
815,0,3,0,-0.48227110281354396,0,0,-0.48664993466069395,1,0,0,-0.5618043993851286,0,0,0,1,0
816,0,2,1,0.10413889602556098,1,1,0.09880338369840133,0,1,0,0.6775110126579964,0,1,0,0,0
817,0,3,1,0.9837538942842183,0,0,-0.5163462001899956,1,0,0,-0.5618043993851286,0,1,0,0,0
818,0,3,1,-1.4351873509270894,3,2,-0.08449203367913571,1,0,0,2.536484130722684,0,1,0,0,0
819,1,1,0,1.6434651429782114,1,1,1.236236792573191,1,0,0,0.6775110126579964,0,0,1,0,0
820,1,3,1,-0.1890661033939915,0,0,-0.4718018018960432,1,0,0,-0.5618043993851286,0,1,0,0,0
821,0,1,1,0.6172476450097778,0,0,-0.6462044460638905,1,0,0,-0.5618043993851286,0,0,0,0,1
822,1,3,0,-0.1890661033939915,0,1,-0.3950445054008146,1,0,0,0.057853306636433906,0,0,1,0,0
823,0,3,1,-2.0215973497661945,4,1,0.15282642728807924,1,0,0,2.536484130722684,0,1,0,0,0
824,0,3,1,0.47064514530000157,0,0,-0.5062796695020967,0,0,1,-0.5618043993851286,0,1,0,0,0
825,0,3,1,0.03083764617067286,0,0,0.4912289628108992,1,0,0,-0.5618043993851286,0,1,0,0,0
826,1,2,1,-2.0948985996210823,0,2,0.09880338369840133,0,1,0,0.6775110126579964,0,1,0,0,0
827,1,3,1,0.2507413957353372,0,0,-0.49017322040145855,0,0,1,-0.5618043993851286,0,1,0,0,0
828,1,3,0,-1.068681101652649,1,0,-0.3551971503258359,0,1,0,0.057853306636433906,0,0,1,0,0
829,1,2,1,-2.0948985996210823,1,1,-0.2687095452676843,1,0,0,0.6775110126579964,0,1,0,0,0
830,0,3,1,-0.11576485353910337,0,0,-0.500658518765974,0,1,0,-0.5618043993851286,0,1,0,0,0
831,0,3,1,-0.48227110281354396,0,0,-0.4880753554061005,1,0,0,-0.5618043993851286,0,1,0,0,0
832,0,3,1,-0.8487773520879845,0,0,-0.47910003664476986,1,0,0,-0.5618043993851286,0,1,0,0,0
833,1,1,0,0.6905488948646659,1,1,1.0280267117431041,0,1,0,0.6775110126579964,0,0,0,1,0
834,0,3,1,-0.6288736025233201,0,0,-0.4718018018960432,1,0,0,-0.5618043993851286,0,1,0,0,0
835,0,3,1,-0.042463603684215256,0,0,-0.4841333019887193,1,0,0,-0.5618043993851286,0,1,0,0,0
836,1,3,1,0.1774401458804491,0,0,0.4912289628108992,1,0,0,-0.5618043993851286,0,1,0,0,0
837,1,1,1,0.5439463951548896,0,0,-0.04825252320269991,0,1,0,-0.5618043993851286,0,1,0,0,0
838,0,3,1,-0.7021748523782083,0,0,-0.48664993466069395,1,0,0,-0.5618043993851286,0,1,0,0,0
839,0,2,1,-0.9953798517977608,0,0,-0.434807301618015,1,0,0,-0.5618043993851286,0,1,0,0,0
840,1,1,0,0.03083764617067286,0,0,-0.022079543414162937,0,1,0,-0.5618043993851286,0,0,0,1,0
841,0,3,1,0.32404264559022533,0,0,-0.516597863457193,0,1,0,-0.5618043993851286,0,1,0,0,0
842,0,3,1,-0.9220786019428726,0,0,-0.4718018018960432,1,0,0,-0.5618043993851286,0,1,0,0,0
843,0,3,1,0.9104526444293303,0,0,-0.4941998326766181,1,0,0,-0.5618043993851286,0,1,0,0,0
844,0,3,1,-1.068681101652649,8,2,0.7540499726228369,1,0,0,5.634772660830497,0,1,0,0,0
845,0,3,1,0.39734389544511345,0,0,-0.48723782005286725,0,1,0,-0.5618043993851286,0,1,0,0,0
846,0,2,1,-0.11576485353910337,0,1,0.01818657933743239,1,0,0,0.057853306636433906,0,0,0,0,1
847,1,1,0,0.39734389544511345,1,0,1.1477358813774596,0,1,0,0.057853306636433906,0,0,1,0,0
848,0,3,1,-1.8749948500564182,4,2,-0.016542951535818605,1,0,0,3.1561418367442466,0,1,0,0,0
849,0,3,1,3.2560926397857504,0,0,-0.48966989386706367,1,0,0,-0.5618043993851286,0,1,0,0,0
850,0,3,0,-1.5084886007819776,1,1,-0.33925981894075447,0,1,0,0.6775110126579964,0,0,0,1,0
851,1,1,0,-0.9953798517977608,0,1,0.1470381721425374,1,0,0,0.057853306636433906,0,0,0,1,0
852,0,2,0,1.0570551441391065,1,0,-0.12274485029315124,1,0,0,0.057853306636433906,0,0,1,0,0
853,1,3,0,-0.8487773520879845,0,1,-0.4579603222001823,1,0,0,0.057853306636433906,0,0,1,0,0
854,1,1,0,1.1303563939939947,1,1,2.67306694386133,1,0,0,0.6775110126579964,0,0,1,0,0
855,1,1,1,1.5701638931233233,0,0,-0.11167166653646252,1,0,0,-0.5618043993851286,0,1,0,0,0
856,1,3,0,-0.40896985295865584,0,3,-0.25847591017036636,0,1,0,1.297168718679559,0,0,1,0,0
857,0,3,1,-0.11576485353910337,0,0,-0.500658518765974,0,1,0,-0.5618043993851286,0,1,0,0,0
858,0,3,1,0.8371513945744421,2,0,-0.3621611762557243,1,0,0,0.6775110126579964,0,1,0,0,0
859,0,2,1,-0.6288736025233201,1,0,-0.41467424024221733,1,0,0,0.057853306636433906,0,1,0,0,0
860,1,1,0,1.350260143558659,0,0,-0.12417027103855768,1,0,0,-0.5618043993851286,0,0,1,0,0
861,0,3,0,-1.141982351507537,8,2,0.7540499726228369,1,0,0,5.634772660830497,0,0,0,1,0
862,0,2,1,-0.40896985295865584,0,0,-0.38447464817852084,1,0,0,-0.5618043993851286,0,1,0,0,0
863,1,2,0,0.9104526444293303,0,0,-0.38447464817852084,1,0,0,-0.5618043993851286,0,0,1,0,0
864,1,2,0,-0.1890661033939915,1,0,-0.36719444159967374,0,1,0,0.057853306636433906,0,0,0,1,0
865,0,1,1,0.10413889602556098,0,0,0.37043059455611316,1,0,0,-0.5618043993851286,0,1,0,0,0
866,0,3,1,-0.1890661033939915,0,0,-0.4549403629938127,1,0,0,-0.5618043993851286,0,1,0,0,0
867,1,3,1,-1.8749948500564182,1,1,-0.4220570338487224,1,0,0,0.6775110126579964,0,1,0,0,0
868,0,3,1,-0.2623673532488796,0,0,-0.48723782005286725,1,0,0,-0.5618043993851286,0,1,0,0,0
869,1,1,0,1.2769588937037708,1,1,0.41187248809205507,1,0,0,0.6775110126579964,0,0,1,0,0
870,0,1,1,0.2507413957353372,0,0,-0.5455391391849022,1,0,0,-0.5618043993851286,0,1,0,0,0
871,0,3,1,1.2769588937037708,0,0,-0.4650068936817115,1,0,0,-0.5618043993851286,0,1,0,0,0
872,1,2,0,-0.11576485353910337,1,0,-0.16301097304474657,0,1,0,0.057853306636433906,0,0,1,0,0
873,1,3,0,-1.068681101652649,0,0,-0.5007430776237524,0,1,0,-0.5618043993851286,0,0,0,1,0
874,0,3,1,-0.7021748523782083,0,0,-0.44797835037006184,1,0,0,-0.5618043993851286,0,1,0,0,0
875,0,3,1,-0.7754761022330964,0,0,-0.48723782005286725,1,0,0,-0.5618043993851286,0,1,0,0,0
876,0,3,1,-0.042463603684215256,0,0,-0.48723782005286725,1,0,0,-0.5618043993851286,0,1,0,0,0
877,1,1,0,1.936670142397764,0,1,1.0280267117431041,0,1,0,0.057853306636433906,0,0,1,0,0
878,1,2,0,-0.3356686031037677,0,1,-0.12274485029315124,1,0,0,0.057853306636433906,0,0,1,0,0
879,0,3,1,0.2507413957353372,0,0,-0.48723782005286725,1,0,0,-0.5618043993851286,0,1,0,0,0
880,0,3,0,-0.5555723526684321,0,0,-0.4344710794930392,1,0,0,-0.5618043993851286,0,0,0,1,0
881,0,2,1,-0.11576485353910337,0,0,-0.434807301618015,1,0,0,-0.5618043993851286,0,1,0,0,0
882,0,3,1,-0.3356686031037677,0,0,-0.5042663633645169,1,0,0,-0.5618043993851286,0,1,0,0,0
883,0,3,0,0.6905488948646659,0,5,-0.05982903349378355,0,0,1,2.536484130722684,0,0,1,0,0
884,0,2,1,-0.1890661033939915,0,0,-0.38447464817852084,1,0,0,-0.5618043993851286,0,0,0,0,1
885,1,1,0,-0.7754761022330964,0,0,-0.0422126047899606,1,0,0,-0.5618043993851286,0,0,0,1,0
886,0,3,0,-1.4351873509270894,1,2,-0.1740841568014353,1,0,0,1.297168718679559,0,0,0,1,0
887,1,1,1,-0.2623673532488796,0,0,-0.0422126047899606,0,1,0,-0.5618043993851286,0,1,0,0,0
888,0,3,1,0.1774401458804491,0,0,-0.49017322040145855,0,0,1,-0.5618043993851286,0,1,0,0,0
